,first_name,second_name,id,web_name,now_cost,cost_change_start,element_type,selected_by_percent,team,team_code,total_points,minutes,goals_scored,assists,clean_sheets,goals_conceded,yellow_cards,red_cards,saves,bonus,bps,points_per_million,points_per_minute,full_name
0,Shkodran,Mustafi,1,Mustafi,51,-4,2,0.3,1,3,19,440,0,2,1,7,0,0,0,1,101,0.37254901960784315,0.04318181818181818,Shkodran Mustafi
1,Héctor,Bellerín,2,Bellerín,54,-1,2,0.8,1,3,17,442,1,0,1,8,2,0,0,3,81,0.3148148148148148,0.038461538461538464,Héctor Bellerín
2,Sead,Kolasinac,3,Kolasinac,52,-3,2,0.5,1,3,34,1086,0,2,2,18,3,0,0,1,219,0.6538461538461539,0.03130755064456722,Sead Kolasinac
3,Ainsley,Maitland-Niles,4,Maitland-Niles,46,-4,2,2.5,1,3,36,1210,0,2,3,19,3,1,0,3,216,0.782608695652174,0.02975206611570248,Ainsley Maitland-Niles
4,Sokratis,Papastathopoulos,5,Sokratis,49,-1,2,1.4,1,3,52,1606,2,0,3,25,5,0,0,5,286,1.0612244897959184,0.0323785803237858,Sokratis Papastathopoulos
5,Nacho,Monreal,6,Monreal,50,0,2,0.2,1,3,10,270,0,0,1,4,0,0,0,1,54,0.2,0.037037037037037035,Nacho Monreal
6,Laurent,Koscielny,7,Koscielny,50,0,2,0.1,1,3,0,0,0,0,0,0,0,0,0,0,0,0.0,,Laurent Koscielny
7,Konstantinos,Mavropanos,8,Mavropanos,44,-1,2,0.0,1,3,0,0,0,0,0,0,0,0,0,0,0,0.0,,Konstantinos Mavropanos
8,Carl,Jenkinson,9,Jenkinson,45,0,2,0.0,1,3,0,0,0,0,0,0,0,0,0,0,0,0.0,,Carl Jenkinson
9,Rob,Holding,10,Holding,45,0,2,0.1,1,3,2,85,0,0,0,3,0,0,0,0,13,0.044444444444444446,0.023529411764705882,Rob Holding
10,Pierre-Emerick,Aubameyang,11,Aubameyang,108,-2,4,16.8,1,3,129,2033,14,3,5,31,3,1,0,24,484,1.1944444444444444,0.06345302508607968,Pierre-Emerick Aubameyang
11,Alexandre,Lacazette,12,Lacazette,93,-2,4,2.0,1,3,62,1275,5,3,3,18,5,0,0,6,206,0.6666666666666666,0.04862745098039216,Alexandre Lacazette
12,Edward,Nketiah,13,Nketiah,43,-2,4,0.6,1,3,2,17,0,0,0,1,0,0,0,0,6,0.046511627906976744,0.11764705882352941,Edward Nketiah
13,Bernd,Leno,14,Leno,50,0,1,5.2,1,3,89,2250,0,0,5,34,2,0,93,6,488,1.78,0.03955555555555555,Bernd Leno
14,Mesut,Özil,15,Özil,72,-3,3,1.1,1,3,37,1180,0,2,3,18,1,0,0,1,188,0.5138888888888888,0.03135593220338983,Mesut Özil
15,Henrikh,Mkhitaryan,16,Mkhitaryan,68,-2,3,0.8,1,3,4,110,0,0,1,0,1,0,0,0,3,0.058823529411764705,0.03636363636363636,Henrikh Mkhitaryan
16,Granit,Xhaka,18,Xhaka,51,-4,3,0.6,1,3,40,1634,0,1,5,23,6,0,0,0,250,0.7843137254901961,0.02447980416156671,Granit Xhaka
17,Lucas,Torreira,19,Torreira,47,-3,3,1.3,1,3,42,1343,1,1,3,20,4,0,0,0,232,0.8936170212765957,0.03127326880119136,Lucas Torreira
18,Mohamed,Elneny,20,Elneny,43,-2,3,0.6,1,3,0,0,0,0,0,0,0,0,0,0,0,0.0,,Mohamed Elneny
19,Matteo,Guendouzi,21,Guendouzi,43,-2,3,5.7,1,3,43,1580,0,2,3,27,6,0,0,2,248,1.0,0.02721518987341772,Matteo Guendouzi
20,David,Luiz Moreira Marinho,106,David Luiz,57,-3,2,4.8,1,3,62,1915,2,0,4,30,4,1,0,9,337,1.087719298245614,0.03237597911227154,David Luiz Moreira Marinho
21,Emiliano,Martínez,427,Martínez,43,-2,1,0.2,1,3,0,0,0,0,0,0,0,0,0,0,0,0.0,,Emiliano Martínez
22,Calum,Chambers,467,Chambers,44,-1,2,0.7,1,3,42,1102,1,1,3,15,5,0,0,5,197,0.9545454545454546,0.038112522686025406,Calum Chambers
23,Daniel,Ceballos Fernández,469,Ceballos,52,-3,3,3.0,1,3,27,659,0,2,1,10,0,0,0,3,130,0.5192307692307693,0.0409711684370258,Daniel Ceballos Fernández
24,Cédric,Soares,486,Cédric,48,-2,2,0.2,1,3,43,1306,0,1,3,18,1,0,0,3,222,0.8958333333333334,0.032924961715160794,Cédric Soares
25,Nicolas,Pépé,488,Pépé,91,-4,3,2.4,1,3,63,1339,3,3,2,23,3,0,0,5,219,0.6923076923076923,0.04705003734129948,Nicolas Pépé
26,Reiss,Nelson,489,Nelson,53,-2,3,0.1,1,3,18,437,0,1,2,4,1,0,0,0,56,0.33962264150943394,0.041189931350114416,Reiss Nelson
27,Joseph,Willock,490,Willock,48,-2,3,0.2,1,3,22,572,0,0,1,11,1,0,0,0,92,0.4583333333333333,0.038461538461538464,Joseph Willock
28,Gabriel Teodoro,Martinelli Silva,504,Martinelli,46,1,4,4.3,1,3,39,656,3,1,2,9,1,0,0,5,129,0.8478260869565217,0.05945121951219512,Gabriel Teodoro Martinelli Silva
29,Kieran,Tierney,515,Tierney,53,-2,2,0.3,1,3,5,296,0,0,0,6,1,0,0,0,51,0.09433962264150944,0.016891891891891893,Kieran Tierney
30,Bukayo,Saka,541,Saka,45,0,3,0.6,1,3,28,920,0,2,2,10,3,0,0,0,117,0.6222222222222222,0.030434782608695653,Bukayo Saka
31,Emile,Smith Rowe,576,Smith Rowe,43,-2,3,0.0,1,3,4,96,0,0,1,0,0,0,0,0,13,0.09302325581395349,0.041666666666666664,Emile Smith Rowe
32,Tyreece,John-Jules,585,John-Jules,45,0,4,0.0,1,3,0,0,0,0,0,0,0,0,0,0,0,0.0,,Tyreece John-Jules
33,Pablo,Marí,617,Marí,50,0,2,0.0,1,3,0,0,0,0,0,0,0,0,0,0,0,0.0,,Pablo Marí
34,Ahmed,El Mohamady,22,El Mohamady,42,-3,2,0.9,2,7,19,701,0,1,1,24,0,0,0,5,154,0.4523809523809524,0.02710413694721826,Ahmed El Mohamady
35,James,Chester,23,Chester,43,-2,2,0.1,2,7,0,0,0,0,0,0,0,0,0,0,0,0.0,,James Chester
36,Neil,Taylor,24,Taylor,43,-2,2,0.2,2,7,17,793,0,0,2,19,2,0,0,0,113,0.3953488372093023,0.021437578814627996,Neil Taylor
37,Kortney,Hause,25,Hause,44,-1,2,0.1,2,7,13,810,0,0,1,19,2,0,0,0,104,0.29545454545454547,0.016049382716049384,Kortney Hause
38,Jonathan,Kodjia,26,Kodjia,54,-1,4,0.1,2,7,5,111,0,0,0,6,1,0,0,0,14,0.09259259259259259,0.04504504504504504,Jonathan Kodjia
39,Ørjan,Nyland,27,Nyland,43,-2,1,0.2,2,7,3,177,0,0,0,8,0,0,8,0,34,0.06976744186046512,0.01694915254237288,Ørjan Nyland
40,Conor,Hourihane,28,Hourihane,57,-3,3,0.2,2,7,50,843,3,2,2,23,3,0,0,6,199,0.8771929824561403,0.05931198102016608,Conor Hourihane
41,Jack,Grealish,29,Grealish,67,7,3,25.1,2,7,109,2063,7,6,4,43,6,0,0,14,445,1.626865671641791,0.052835676199709164,Jack Grealish
42,Anwar,El Ghazi,30,El Ghazi,55,0,3,0.9,2,7,72,1550,4,4,4,35,3,0,0,0,221,1.309090909090909,0.04645161290322581,Anwar El Ghazi
43,John,McGinn,31,McGinn,54,-1,3,2.8,2,7,61,1537,3,2,3,30,2,0,0,4,253,1.1296296296296295,0.039687703318152245,John McGinn
44,Andre,Green,32,Green,48,-2,3,0.0,2,7,0,0,0,0,0,0,0,0,0,0,0,0.0,,Andre Green
45,Birkir,Bjarnason,33,Bjarnason,45,0,3,0.0,2,7,0,0,0,0,0,0,0,0,0,0,0,0.0,,Birkir Bjarnason
46,Keinan,Davis,34,Davis,43,-2,3,0.2,2,7,10,106,0,1,0,1,0,0,0,0,29,0.23255813953488372,0.09433962264150944,Keinan Davis
47,Henri,Lansbury,35,Lansbury,44,-1,3,0.4,2,7,11,189,0,0,0,6,0,0,0,0,34,0.25,0.0582010582010582,Henri Lansbury
48,José Ignacio,Peleteiro Romallo,36,Jota,58,-2,3,0.1,2,7,15,310,0,1,2,4,0,0,0,0,41,0.25862068965517243,0.04838709677419355,José Ignacio Peleteiro Romallo
49,Tom,Heaton,94,Heaton,44,-1,1,2.8,2,7,59,1794,0,0,4,35,0,0,67,3,346,1.3409090909090908,0.03288740245261984,Tom Heaton
50,Daniel,Drinkwater,120,Drinkwater,44,-1,3,0.6,2,7,5,258,0,0,0,9,1,0,0,0,25,0.11363636363636363,0.01937984496124031,Daniel Drinkwater
51,Matt,Targett,309,Targett,44,-1,2,0.9,2,7,58,1418,1,3,3,26,3,0,0,10,312,1.3181818181818181,0.04090267983074753,Matt Targett
52,Wesley,Moraes,428,Wesley,55,-5,4,0.9,2,7,67,1782,5,1,6,31,3,0,0,7,180,1.2181818181818183,0.037598204264870934,Wesley Moraes
53,Jed,Steer,429,Steer,43,-2,1,0.1,2,7,1,7,0,0,0,0,0,0,0,0,3,0.023255813953488372,0.14285714285714285,Jed Steer
54,Tyrone,Mings,445,Mings,45,0,2,2.8,2,7,55,1822,2,1,3,36,5,0,0,5,345,1.2222222222222223,0.030186608122941824,Tyrone Mings
55,Ezri,Konsa Ngoyo,452,Konsa,43,-2,2,0.1,2,7,29,1050,0,2,2,25,0,0,0,1,185,0.6744186046511628,0.02761904761904762,Ezri Konsa Ngoyo
56,Bjorn,Engels,455,Engels,44,-1,2,0.4,2,7,35,1266,0,0,3,25,1,0,0,4,223,0.7954545454545454,0.02764612954186414,Bjorn Engels
57,Frédéric,Guilbert,458,Guilbert,44,-1,2,0.5,2,7,48,1628,0,2,4,27,5,0,0,2,276,1.0909090909090908,0.029484029484029485,Frédéric Guilbert
58,Mahmoud Ahmed,Ibrahim Hassan,465,Trézéguet,52,-3,3,1.1,2,7,55,1233,3,2,3,21,2,1,0,2,160,1.0576923076923077,0.04460665044606651,Mahmoud Ahmed Ibrahim Hassan
59,Douglas Luiz,Soares de Paulo,470,Douglas Luiz,44,-1,3,4.0,2,7,65,1441,3,2,5,31,4,0,0,5,263,1.4772727272727273,0.04510756419153366,Douglas Luiz Soares de Paulo
60,Lovre,Kalinic,474,Kalinic,43,-2,1,0.1,2,7,0,0,0,0,0,0,0,0,0,0,0,0.0,,Lovre Kalinic
61,Marvelous,Nakamba,491,Nakamba,44,-1,3,0.7,2,7,31,1426,0,0,1,29,3,0,0,0,213,0.7045454545454546,0.021739130434782608,Marvelous Nakamba
62,Indiana,Vassilev,600,Vassilev,45,0,3,0.0,2,7,2,36,0,0,0,0,0,0,0,0,3,0.044444444444444446,0.05555555555555555,Indiana Vassilev
63,José,Reina,603,Reina,45,0,1,0.4,2,7,6,270,0,0,0,4,0,0,6,0,40,0.13333333333333333,0.022222222222222223,José Reina
64,Mbwana,Samatta,613,Samatta,60,0,4,0.3,2,7,8,90,1,0,0,2,0,0,0,2,28,0.13333333333333333,0.08888888888888889,Mbwana Samatta
65,Borja,González Tomás,623,Bastón,55,0,4,0.0,2,7,0,0,0,0,0,0,0,0,0,0,0,0.0,,Borja González Tomás
66,Steve,Cook,58,Steve Cook,50,0,2,0.2,3,91,44,1650,1,0,3,31,3,1,0,5,280,0.88,0.02666666666666667,Steve Cook
67,Nathan,Aké,59,Aké,48,-2,2,6.6,3,91,64,1744,2,1,3,27,1,0,0,6,360,1.3333333333333333,0.03669724770642202,Nathan Aké
68,Charlie,Daniels,60,Daniels,43,-2,2,0.1,3,91,3,126,0,0,0,2,0,0,0,0,18,0.06976744186046512,0.023809523809523808,Charlie Daniels
69,Chris,Mepham,61,Mepham,43,-2,2,0.7,3,91,26,901,1,0,1,19,1,0,0,2,161,0.6046511627906976,0.02885682574916759,Chris Mepham
70,Simon,Francis,62,Francis,44,-1,2,0.0,3,91,16,784,0,0,1,16,1,1,0,1,135,0.36363636363636365,0.02040816326530612,Simon Francis
71,Adam,Smith,63,Adam Smith,43,-2,2,0.4,3,91,37,1197,0,1,3,18,4,0,0,3,205,0.8604651162790697,0.030910609857978277,Adam Smith
72,Lloyd,Kelly,64,Kelly,44,-1,2,0.0,3,91,0,0,0,0,0,0,0,0,0,0,0,0.0,,Lloyd Kelly
73,Diego,Rico,65,Rico,43,3,2,11.2,3,91,60,1703,0,3,5,25,6,0,0,5,322,1.3953488372093024,0.03523194362889019,Diego Rico
74,Jack,Simpson,66,Simpson,40,0,2,7.2,3,91,3,167,0,0,0,4,0,0,0,0,25,0.075,0.017964071856287425,Jack Simpson
75,Callum,Wilson,67,Callum Wilson,74,-6,4,4.8,3,91,79,1986,6,3,3,37,6,0,0,6,240,1.0675675675675675,0.039778449144008056,Callum Wilson
76,Joshua,King,68,King,61,-4,4,3.3,3,91,58,1307,3,3,3,18,0,0,0,6,176,0.9508196721311475,0.04437643458301454,Joshua King
77,Dominic,Solanke,69,Solanke,52,-3,4,0.3,3,91,38,1136,0,2,1,24,1,0,0,0,68,0.7307692307692307,0.03345070422535211,Dominic Solanke
78,Sam,Surridge,71,Surridge,43,-2,4,0.5,3,91,1,15,0,0,0,1,0,0,0,0,3,0.023255813953488372,0.06666666666666667,Sam Surridge
79,Asmir,Begovic,72,Begovic,42,-3,1,0.7,3,91,0,0,0,0,0,0,0,0,0,0,0,0.0,,Asmir Begovic
80,Artur,Boruc,73,Boruc,43,-2,1,0.2,3,91,0,0,0,0,0,0,0,0,0,0,0,0.0,,Artur Boruc
81,Mark,Travers,74,Travers,42,-3,1,0.2,3,91,1,90,0,0,0,3,0,0,2,0,9,0.023809523809523808,0.011111111111111112,Mark Travers
82,Ryan,Fraser,75,Fraser,69,-6,3,2.7,3,91,63,1778,1,4,4,28,2,0,0,2,260,0.9130434782608695,0.03543307086614173,Ryan Fraser
83,David,Brooks,76,Brooks,63,-2,3,0.1,3,91,0,0,0,0,0,0,0,0,0,0,0,0.0,,David Brooks
84,Junior,Stanislas,77,Stanislas,59,-1,3,0.0,3,91,3,106,0,0,0,2,0,0,0,0,16,0.05084745762711865,0.02830188679245283,Junior Stanislas
85,Jordon,Ibe,78,Ibe,46,-4,3,0.1,3,91,2,48,0,0,0,1,0,0,0,0,10,0.043478260869565216,0.041666666666666664,Jordon Ibe
86,Lewis,Cook,79,Lewis Cook,50,0,3,0.0,3,91,28,830,0,1,2,16,3,0,0,0,125,0.56,0.033734939759036145,Lewis Cook
87,Andrew,Surman,80,Surman,47,-3,3,0.0,3,91,3,57,0,0,0,1,0,0,0,0,9,0.06382978723404255,0.05263157894736842,Andrew Surman
88,Dan,Gosling,81,Gosling,49,-1,3,0.1,3,91,33,700,2,1,1,11,1,0,0,1,108,0.673469387755102,0.047142857142857146,Dan Gosling
89,Jefferson,Lerma,82,Lerma,48,-2,3,0.1,3,91,36,1773,0,1,3,29,9,1,0,2,233,0.75,0.02030456852791878,Jefferson Lerma
90,Jack,Stacey,446,Stacey,43,-2,2,0.1,3,91,23,796,0,1,1,12,2,0,0,3,129,0.5348837209302325,0.028894472361809045,Jack Stacey
91,Philip,Billing,476,Billing,50,0,3,0.2,3,91,52,1802,1,1,5,27,7,0,0,5,271,1.04,0.02885682574916759,Philip Billing
92,Arnaut,Danjuma Groeneveld,492,Danjuma,58,-2,3,0.0,3,91,18,405,0,1,2,6,0,0,0,0,55,0.3103448275862069,0.044444444444444446,Arnaut Danjuma Groeneveld
93,Aaron,Ramsdale,494,Ramsdale,46,1,1,4.0,3,91,87,2160,0,1,4,35,0,0,83,10,447,1.891304347826087,0.04027777777777778,Aaron Ramsdale
94,Harry,Wilson,505,Harry Wilson,58,-2,3,2.2,3,91,77,1288,7,0,2,25,1,0,0,7,254,1.3275862068965518,0.059782608695652176,Harry Wilson
95,Christian,Saydee,564,Saydee,45,0,3,0.0,3,91,0,0,0,0,0,0,0,0,0,0,0,0.0,,Christian Saydee
96,Gavin,Kilkenny,565,Kilkenny,45,0,3,0.0,3,91,0,0,0,0,0,0,0,0,0,0,0,0.0,,Gavin Kilkenny
97,Mihai-Alexandru,Dobre,574,Dobre,45,0,3,0.0,3,91,0,0,0,0,0,0,0,0,0,0,0,0.0,,Mihai-Alexandru Dobre
98,Shane,Duffy,37,Duffy,48,-2,2,0.9,4,36,33,981,1,0,2,14,1,0,0,0,167,0.6875,0.03363914373088685,Shane Duffy
99,Martín,Montoya,38,Montoya,44,-1,2,0.6,4,36,54,1536,0,1,5,24,3,0,0,3,263,1.2272727272727273,0.03515625,Martín Montoya
100,Bernardo,Fernandes da Silva Junior,39,Bernardo,43,-2,2,0.1,4,36,17,540,0,0,1,12,1,0,0,3,99,0.3953488372093023,0.03148148148148148,Bernardo Fernandes da Silva Junior
101,Leon,Balogun,40,Balogun,44,-1,2,0.1,4,36,0,0,0,0,0,0,0,0,0,0,0,0.0,,Leon Balogun
102,Gaëtan,Bong,41,Bong,42,-3,2,0.1,4,36,3,57,0,0,0,3,0,0,0,0,15,0.07142857142857142,0.05263157894736842,Gaëtan Bong
103,Lewis,Dunk,42,Dunk,48,3,2,14.0,4,36,81,2160,2,3,5,34,8,0,0,11,458,1.6875,0.0375,Lewis Dunk
104,Matthew,Clarke,43,Clarke,44,-1,2,0.0,4,36,0,0,0,0,0,0,0,0,0,0,0,0.0,,Matthew Clarke
105,Glenn,Murray,44,Murray,54,-6,4,0.7,4,36,26,603,1,0,2,8,0,0,0,0,46,0.48148148148148145,0.04311774461028192,Glenn Murray
106,Jürgen,Locadia,45,Locadia,52,-3,4,0.1,4,36,3,85,0,0,1,1,0,0,0,0,5,0.057692307692307696,0.03529411764705882,Jürgen Locadia
107,Florin,Andone,46,Andone,47,-3,4,0.4,4,36,5,71,1,0,0,2,0,1,0,1,20,0.10638297872340426,0.07042253521126761,Florin Andone
108,Mathew,Ryan,47,Ryan,48,3,1,16.0,4,36,91,2340,0,0,5,38,0,0,87,11,525,1.8958333333333333,0.03888888888888889,Mathew Ryan
109,David,Button,48,Button,39,-1,1,20.7,4,36,0,0,0,0,0,0,0,0,0,0,0,0.0,,David Button
110,Pascal,Groß,49,Groß,63,-2,3,0.6,4,36,69,1485,2,5,3,25,2,0,0,7,298,1.0952380952380953,0.046464646464646465,Pascal Groß
111,Alireza,Jahanbakhsh,50,Jahanbakhsh,58,-2,3,0.1,4,36,24,264,2,1,1,3,0,0,0,2,75,0.41379310344827586,0.09090909090909091,Alireza Jahanbakhsh
112,José Heriberto,Izquierdo Mena,51,Izquierdo,54,-1,3,0.0,4,36,0,0,0,0,0,0,0,0,0,0,0,0.0,,José Heriberto Izquierdo Mena
113,Anthony,Knockaert,52,Knockaert,54,-1,3,0.0,4,36,0,0,0,0,0,0,0,0,0,0,0,0.0,,Anthony Knockaert
114,Yves,Bissouma,53,Bissouma,50,0,3,0.0,4,36,13,402,0,0,1,5,1,0,0,0,65,0.26,0.03233830845771144,Yves Bissouma
115,Davy,Pröpper,54,Pröpper,48,-2,3,0.4,4,36,58,2070,1,2,4,34,3,0,0,2,335,1.2083333333333333,0.028019323671497585,Davy Pröpper
116,Solomon,March,55,March,46,-4,3,0.2,4,36,24,736,0,1,2,12,2,0,0,3,99,0.5217391304347826,0.03260869565217391,Solomon March
117,Beram,Kayal,56,Kayal,43,-2,3,0.2,4,36,0,0,0,0,0,0,0,0,0,0,0,0.0,,Beram Kayal
118,Dale,Stephens,57,Stephens,44,-1,3,1.9,4,36,47,1939,0,1,4,33,6,0,0,1,319,1.0681818181818181,0.024239298607529654,Dale Stephens
119,Leandro,Trossard,421,Trossard,58,-2,3,0.6,4,36,69,1252,3,5,1,23,0,0,0,6,256,1.1896551724137931,0.05511182108626198,Leandro Trossard
120,Dan,Burn,475,Burn,45,0,2,0.2,4,36,48,1877,0,0,5,30,3,0,0,0,317,1.0666666666666667,0.02557272242940863,Dan Burn
121,Adam,Webster,493,Webster,44,-1,2,0.7,4,36,54,1745,3,0,2,31,3,0,0,5,329,1.2272727272727273,0.030945558739255013,Adam Webster
122,Neal,Maupay,502,Maupay,59,-1,4,2.2,4,36,88,1839,7,2,5,26,3,0,0,12,246,1.4915254237288136,0.0478520935290919,Neal Maupay
123,Aaron,Mooy,516,Mooy,48,-2,3,0.8,4,36,57,1383,2,1,3,24,0,1,0,9,231,1.1875,0.04121475054229935,Aaron Mooy
124,Aaron,Connolly,534,Connolly,43,-2,4,1.2,4,36,40,812,2,2,3,13,0,0,0,3,87,0.9302325581395349,0.04926108374384237,Aaron Connolly
125,Tudor,Baluta,536,Baluta,40,0,2,0.2,4,36,0,0,0,0,0,0,0,0,0,0,0,0.0,,Tudor Baluta
126,Steven,Alzate,537,Alzate,45,0,3,0.1,4,36,32,1173,0,0,3,18,1,0,0,0,175,0.7111111111111111,0.027280477408354646,Steven Alzate
127,Ezequiel,Schelotto,546,Schelotto,40,0,2,0.5,4,36,6,213,0,0,0,5,1,0,0,0,25,0.15,0.028169014084507043,Ezequiel Schelotto
128,Tariq,Lamptey,586,Lamptey,40,0,2,0.1,4,36,1,31,0,0,0,0,0,0,0,0,8,0.025,0.03225806451612903,Tariq Lamptey
129,Ben,Mee,83,Mee,50,0,2,1.0,5,90,74,2250,0,2,9,38,4,0,0,1,416,1.48,0.03288888888888889,Ben Mee
130,James,Tarkowski,84,Tarkowski,51,1,2,3.4,5,90,86,2250,1,2,9,38,6,0,0,9,436,1.6862745098039216,0.03822222222222222,James Tarkowski
131,Matthew,Lowton,85,Lowton,42,-3,2,0.5,5,90,41,1350,0,1,5,26,2,0,0,0,236,0.9761904761904762,0.03037037037037037,Matthew Lowton
132,Phil,Bardsley,86,Bardsley,43,-2,2,0.2,5,90,29,900,0,0,4,12,2,0,0,0,154,0.6744186046511628,0.03222222222222222,Phil Bardsley
133,Charlie,Taylor,87,Taylor,42,-3,2,1.0,5,90,40,1015,0,0,5,9,2,0,0,2,190,0.9523809523809523,0.03940886699507389,Charlie Taylor
134,Kevin,Long,88,Long,43,-2,2,0.1,5,90,1,2,0,0,0,0,0,0,0,0,2,0.023255813953488372,0.5,Kevin Long
135,Ben,Gibson,89,Gibson,39,-1,2,2.6,5,90,0,0,0,0,0,0,0,0,0,0,0,0.0,,Ben Gibson
136,Ashley,Barnes,90,Barnes,61,-4,4,2.3,5,90,61,1350,6,0,8,21,4,0,0,6,161,1.0,0.04518518518518518,Ashley Barnes
137,Chris,Wood,91,Wood,62,-3,4,2.2,5,90,98,1918,10,1,10,26,1,0,0,13,272,1.5806451612903225,0.051094890510948905,Chris Wood
138,Matej,Vydra,92,Vydra,53,-2,4,0.1,5,90,9,100,0,1,0,1,0,0,0,0,20,0.16981132075471697,0.09,Matej Vydra
139,Nick,Pope,93,Pope,47,2,1,15.1,5,90,105,2250,0,0,9,38,0,0,79,12,517,2.234042553191489,0.04666666666666667,Nick Pope
140,Joe,Hart,95,Hart,42,-3,1,1.1,5,90,0,0,0,0,0,0,0,0,0,0,0,0.0,,Joe Hart
141,Johann Berg,Gudmundsson,96,Gudmundsson,59,-1,3,0.4,5,90,20,398,1,0,3,4,0,0,0,1,66,0.3389830508474576,0.05025125628140704,Johann Berg Gudmundsson
142,Dwight,McNeil,97,McNeil,60,0,3,0.5,5,90,76,2169,1,5,10,36,4,0,0,1,331,1.2666666666666666,0.03503918856615952,Dwight McNeil
143,Robbie,Brady,98,Brady,55,0,3,0.0,5,90,28,394,1,2,1,10,1,0,0,0,99,0.509090909090909,0.07106598984771574,Robbie Brady
144,Steven,Defour,99,Defour,55,0,3,0.0,5,90,0,0,0,0,0,0,0,0,0,0,0,0.0,,Steven Defour
145,Jeff,Hendrick,100,Hendrick,54,-1,3,0.1,5,90,57,1572,2,1,8,28,5,0,0,4,166,1.0555555555555556,0.03625954198473282,Jeff Hendrick
146,Ashley,Westwood,101,Westwood,54,-1,3,0.5,5,90,75,1980,1,6,9,27,8,0,0,7,343,1.3888888888888888,0.03787878787878788,Ashley Westwood
147,Jack,Cork,102,Cork,49,-1,3,0.2,5,90,53,2005,0,0,8,34,0,0,0,0,232,1.0816326530612246,0.026433915211970076,Jack Cork
148,Aaron,Lennon,430,Lennon,46,-4,3,0.1,5,90,14,476,0,0,0,15,3,0,0,0,49,0.30434782608695654,0.029411764705882353,Aaron Lennon
149,Erik,Pieters,447,Pieters,43,-2,2,4.3,5,90,42,1233,0,3,3,29,1,0,0,7,226,0.9767441860465116,0.0340632603406326,Erik Pieters
150,Jay,Rodriguez,451,Rodriguez,57,-3,4,0.3,5,90,50,1039,4,0,2,24,1,0,0,3,141,0.8771929824561403,0.04812319538017324,Jay Rodriguez
151,Bailey,Peacock-Farrell,495,Peacock-Farrell,44,-1,1,0.1,5,90,0,0,0,0,0,0,0,0,0,0,0,0.0,,Bailey Peacock-Farrell
152,Mace,Goodridge,571,Goodridge,45,0,3,0.0,5,90,0,0,0,0,0,0,0,0,0,0,0,0.0,,Mace Goodridge
153,Anthony,Driscoll-Glennon,572,Driscoll-Glennon,40,0,2,0.0,5,90,0,0,0,0,0,0,0,0,0,0,0,0.0,,Anthony Driscoll-Glennon
154,Abd-Al-Ali Morakinyo Olaposi,Koiki,596,Koiki,40,0,2,0.0,5,90,0,0,0,0,0,0,0,0,0,0,0,0.0,,Abd-Al-Ali Morakinyo Olaposi Koiki
155,Josh,Brownhill,620,Brownhill,50,0,3,0.0,5,90,0,0,0,0,0,0,0,0,0,0,0,0.0,,Josh Brownhill
156,Marcos,Alonso,103,Alonso,60,-5,2,2.0,6,8,47,588,1,3,4,4,3,0,0,5,181,0.7833333333333333,0.07993197278911565,Marcos Alonso
157,Antonio,Rüdiger,104,Rüdiger,60,0,2,0.6,6,8,37,855,2,0,2,10,2,0,0,3,183,0.6166666666666667,0.04327485380116959,Antonio Rüdiger
158,César,Azpilicueta,105,Azpilicueta,58,-2,2,6.1,6,8,78,2059,2,3,4,33,0,0,0,7,419,1.3448275862068966,0.03788246721709568,César Azpilicueta
159,Emerson,Palmieri dos Santos,107,Emerson,55,0,2,0.7,6,8,18,1020,0,0,1,21,3,0,0,0,179,0.32727272727272727,0.01764705882352941,Emerson Palmieri dos Santos
160,Andreas,Christensen,108,Christensen,49,-1,2,0.6,6,8,20,1031,0,0,2,20,3,0,0,0,181,0.40816326530612246,0.019398642095053348,Andreas Christensen
161,Davide,Zappacosta,109,Zappacosta,43,-2,2,0.2,6,8,0,0,0,0,0,0,0,0,0,0,0,0.0,,Davide Zappacosta
162,Olivier,Giroud,110,Giroud,66,-4,4,1.0,6,8,7,190,0,0,1,5,0,0,0,0,16,0.10606060606060606,0.03684210526315789,Olivier Giroud
163,Kepa,Arrizabalaga,111,Kepa,55,0,1,4.6,6,8,63,2160,0,0,5,32,0,0,41,0,363,1.1454545454545455,0.029166666666666667,Kepa Arrizabalaga
164,Willy,Caballero,112,Caballero,48,-2,1,0.2,6,8,1,90,0,0,0,2,0,0,2,0,11,0.020833333333333332,0.011111111111111112,Willy Caballero
165,Willian,Borges Da Silva,113,Willian,71,1,3,4.6,6,8,97,1724,4,5,7,18,2,0,0,14,417,1.3661971830985915,0.05626450116009281,Willian Borges Da Silva
166,Pedro,Rodríguez Ledesma,114,Pedro,68,-2,3,1.1,6,8,12,383,0,0,1,8,0,0,0,0,45,0.17647058823529413,0.031331592689295036,Pedro Rodríguez Ledesma
167,Ruben,Loftus-Cheek,115,Loftus-Cheek,63,-2,3,0.1,6,8,0,0,0,0,0,0,0,0,0,0,0,0.0,,Ruben Loftus-Cheek
168,Callum,Hudson-Odoi,116,Hudson-Odoi,53,-7,3,0.9,6,8,45,768,1,4,2,12,1,0,0,3,172,0.8490566037735849,0.05859375,Callum Hudson-Odoi
169,Ross,Barkley,117,Barkley,56,-4,3,1.2,6,8,15,478,0,0,2,7,0,0,0,0,60,0.26785714285714285,0.03138075313807531,Ross Barkley
170,Jorge Luiz,Frello Filho,118,Jorginho,49,-1,3,4.4,6,8,76,1766,4,3,4,27,9,0,0,9,425,1.5510204081632653,0.04303510758776897,Jorge Luiz Frello Filho
171,N'Golo,Kanté,119,Kanté,50,0,3,4.1,6,8,48,1372,3,0,2,20,3,0,0,2,239,0.96,0.03498542274052478,N'Golo Kanté
172,Ethan,Ampadu,121,Ampadu,44,-1,3,0.0,6,8,0,0,0,0,0,0,0,0,0,0,0,0.0,,Ethan Ampadu
173,Christian,Pulisic,431,Pulisic,69,-6,3,3.6,6,8,70,1069,5,3,3,19,0,0,0,5,217,1.0144927536231885,0.06548175865294668,Christian Pulisic
174,Mateo,Kovacic,432,Kovacic,53,-2,3,0.9,6,8,50,1408,1,3,2,24,7,0,0,4,332,0.9433962264150944,0.03551136363636364,Mateo Kovacic
175,Kurt,Zouma,459,Zouma,47,-3,2,1.6,6,8,37,1668,0,0,3,26,3,0,0,1,281,0.7872340425531915,0.022182254196642687,Kurt Zouma
176,Tammy,Abraham,460,Abraham,77,7,4,22.8,6,8,130,1911,13,5,7,26,2,0,0,20,395,1.6883116883116882,0.06802721088435375,Tammy Abraham
177,Michy,Batshuayi,461,Batshuayi,66,-4,4,0.5,6,8,25,139,1,2,0,6,0,0,0,1,58,0.3787878787878788,0.17985611510791366,Michy Batshuayi
178,Robert Kenedy,Nunes do Nascimento,462,Kenedy,52,-3,3,0.0,6,8,0,0,0,0,0,0,0,0,0,0,0,0.0,,Robert Kenedy Nunes do Nascimento
179,Mason,Mount,463,Mount,61,1,3,15.1,6,8,99,1979,5,5,7,28,3,0,0,8,359,1.6229508196721312,0.05002526528549773,Mason Mount
180,Reece,James,506,James,50,0,2,0.7,6,8,40,765,0,2,3,9,1,0,0,5,216,0.8,0.05228758169934641,Reece James
181,Fikayo,Tomori,529,Tomori,44,-1,2,2.1,6,8,47,1228,1,0,4,16,3,0,0,7,255,1.0681818181818181,0.038273615635179156,Fikayo Tomori
182,Billy,Gilmour,533,Gilmour,45,0,3,0.0,6,8,2,9,0,0,0,1,0,0,0,0,5,0.044444444444444446,0.2222222222222222,Billy Gilmour
183,Addji Keaninkin Marc-Israel,Guehi,545,Guehi,40,0,2,0.1,6,8,0,0,0,0,0,0,0,0,0,0,0,0.0,,Addji Keaninkin Marc-Israel Guehi
184,Patrick,van Aanholt,123,van Aanholt,55,0,2,4.2,7,31,58,1622,2,0,4,24,0,0,0,3,297,1.0545454545454545,0.035758323057953144,Patrick van Aanholt
185,James,Tomkins,124,Tomkins,50,0,2,0.6,7,31,48,1582,1,1,3,23,5,0,0,4,260,0.96,0.03034134007585335,James Tomkins
186,Mamadou,Sakho,125,Sakho,50,0,2,0.1,7,31,7,465,0,0,0,8,0,1,0,0,69,0.14,0.015053763440860216,Mamadou Sakho
187,Joel,Ward,126,Ward,43,-2,2,1.0,7,31,42,1300,0,1,3,18,3,0,0,5,215,0.9767441860465116,0.03230769230769231,Joel Ward
188,Scott,Dann,127,Dann,43,-2,2,0.1,7,31,16,364,0,1,1,3,0,0,0,0,76,0.37209302325581395,0.04395604395604396,Scott Dann
189,Martin,Kelly,128,Kelly,43,3,2,25.3,7,31,64,1547,0,1,6,16,0,0,0,4,288,1.4883720930232558,0.04137039431157078,Martin Kelly
190,Christian,Benteke,129,Benteke,57,-3,4,0.5,7,31,26,652,1,0,1,11,2,0,0,1,85,0.45614035087719296,0.03987730061349693,Christian Benteke
191,Connor,Wickham,130,Wickham,44,-1,4,2.0,7,31,15,90,1,1,0,2,0,0,0,2,48,0.3409090909090909,0.16666666666666666,Connor Wickham
192,Vicente,Guaita,131,Guaita,51,1,1,2.1,7,31,89,2160,0,0,6,28,1,0,75,10,431,1.7450980392156863,0.0412037037037037,Vicente Guaita
193,Wayne,Hennessey,132,Hennessey,43,-2,1,0.6,7,31,6,180,0,0,0,4,0,0,13,0,42,0.13953488372093023,0.03333333333333333,Wayne Hennessey
194,Wilfried,Zaha,133,Zaha,68,-2,3,9.5,7,31,87,2275,3,5,5,32,3,0,0,4,262,1.2794117647058822,0.03824175824175824,Wilfried Zaha
195,Luka,Milivojevic,134,Milivojevic,67,-3,3,1.9,7,31,61,1965,2,1,6,26,9,0,0,7,296,0.9104477611940298,0.03104325699745547,Luka Milivojevic
196,Andros,Townsend,135,Townsend,56,-4,3,1.0,7,31,34,791,1,1,3,12,0,0,0,0,141,0.6071428571428571,0.04298356510745891,Andros Townsend
197,Max,Meyer,136,Meyer,52,-3,3,0.1,7,31,18,541,0,0,1,7,1,0,0,0,43,0.34615384615384615,0.033271719038817,Max Meyer
198,Jeffrey,Schlupp,137,Schlupp,54,-1,3,0.1,7,31,40,856,2,1,4,12,2,0,0,3,121,0.7407407407407407,0.04672897196261682,Jeffrey Schlupp
199,James,McArthur,138,McArthur,52,-3,3,0.6,7,31,64,2177,0,3,7,25,4,0,0,2,302,1.2307692307692308,0.02939825447864033,James McArthur
200,Cheikhou,Kouyaté,139,Kouyaté,49,-1,3,0.3,7,31,64,1714,1,2,6,23,1,0,0,4,219,1.3061224489795917,0.03733955659276546,Cheikhou Kouyaté
201,Luke,Dreher,140,Dreher,43,-2,3,0.1,7,31,0,0,0,0,0,0,0,0,0,0,0,0.0,,Luke Dreher
202,Cenk,Tosun,146,Tosun,57,-3,4,0.2,7,31,22,458,2,0,2,6,0,0,0,1,76,0.38596491228070173,0.048034934497816595,Cenk Tosun
203,James,McCarthy,157,McCarthy,43,-2,3,0.7,7,31,25,945,0,0,0,16,5,0,0,0,117,0.5813953488372093,0.026455026455026454,James McCarthy
204,Jordan,Ayew,468,Ayew,50,0,4,7.8,7,31,90,2112,6,1,8,27,4,0,0,17,297,1.8,0.04261363636363636,Jordan Ayew
205,Gary,Cahill,503,Cahill,44,-1,2,1.2,7,31,41,1530,0,1,3,26,1,0,0,3,266,0.9318181818181818,0.02679738562091503,Gary Cahill
206,Víctor,Camarasa,510,Camarasa,45,-5,3,0.2,7,31,1,5,0,0,0,0,0,0,0,0,3,0.022222222222222223,0.2,Víctor Camarasa
207,Jairo,Riedewald,539,Riedewald,45,0,3,0.0,7,31,13,562,0,0,0,7,0,0,0,0,83,0.28888888888888886,0.023131672597864767,Jairo Riedewald
208,Stephen,Henderson,556,Henderson,40,0,1,0.4,7,31,0,0,0,0,0,0,0,0,0,0,0,0.0,,Stephen Henderson
209,Sam,Woods,578,Woods,40,0,2,0.0,7,31,0,0,0,0,0,0,0,0,0,0,0,0.0,,Sam Woods
210,Tyrick,Mitchell,579,Mitchell,40,0,2,0.0,7,31,0,0,0,0,0,0,0,0,0,0,0,0.0,,Tyrick Mitchell
211,Brandon,Pierrick,580,Pierrick,45,0,3,0.0,7,31,1,7,0,0,0,0,0,0,0,0,5,0.022222222222222223,0.14285714285714285,Brandon Pierrick
212,James,Daly,581,Daly,45,0,4,0.0,7,31,0,0,0,0,0,0,0,0,0,0,0,0.0,,James Daly
213,Nya,Kirby,588,Kirby,45,0,3,0.0,7,31,0,0,0,0,0,0,0,0,0,0,0,0.0,,Nya Kirby
214,Giovanni,McGregor,608,McGregor,45,0,3,0.0,7,31,0,0,0,0,0,0,0,0,0,0,0,0.0,,Giovanni McGregor
215,Alex,Iwobi,17,Iwobi,56,-4,3,0.9,8,11,37,1103,1,0,1,23,0,0,0,2,162,0.6607142857142857,0.033544877606527655,Alex Iwobi
216,Lucas,Digne,141,Digne,58,-2,2,13.1,8,11,83,2151,0,5,6,36,2,0,0,12,459,1.4310344827586208,0.038586703858670385,Lucas Digne
217,Yerry,Mina,142,Mina,53,-2,2,2.2,8,11,69,1995,2,0,5,33,3,0,0,8,359,1.3018867924528301,0.03458646616541353,Yerry Mina
218,Michael,Keane,143,Keane,52,-3,2,1.9,8,11,53,1566,1,0,4,27,0,0,0,3,277,1.0192307692307692,0.03384418901660281,Michael Keane
219,Seamus,Coleman,144,Coleman,53,-2,2,1.1,8,11,33,1162,0,1,3,20,3,1,0,2,203,0.6226415094339622,0.028399311531841654,Seamus Coleman
220,Leighton,Baines,145,Baines,49,-1,2,0.2,8,11,8,152,0,1,0,2,0,0,0,0,38,0.16326530612244897,0.05263157894736842,Leighton Baines
221,Dominic,Calvert-Lewin,147,Calvert-Lewin,61,1,4,11.2,8,11,96,1649,11,1,5,27,6,0,0,13,332,1.5737704918032787,0.05821710127349909,Dominic Calvert-Lewin
222,Jordan,Pickford,148,Pickford,53,-2,1,6.9,8,11,78,2340,0,0,6,38,1,0,63,3,425,1.471698113207547,0.03333333333333333,Jordan Pickford
223,Maarten,Stekelenburg,149,Stekelenburg,40,0,1,7.3,8,11,0,0,0,0,0,0,0,0,0,0,0,0.0,,Maarten Stekelenburg
224,Richarlison,de Andrade,150,Richarlison,81,1,3,8.6,8,11,123,2082,9,5,6,34,4,0,0,13,395,1.5185185185185186,0.059077809798270896,Richarlison de Andrade
225,Gylfi,Sigurdsson,151,Sigurdsson,73,-7,3,2.4,8,11,64,1722,1,3,5,29,2,0,0,4,290,0.8767123287671232,0.03716608594657375,Gylfi Sigurdsson
226,Bernard,Anício Caldeira Duarte,152,Bernard,64,-1,3,0.7,8,11,57,914,3,2,7,8,2,0,0,6,182,0.890625,0.06236323851203501,Bernard Anício Caldeira Duarte
227,Theo,Walcott,153,Walcott,62,-3,3,0.4,8,11,46,951,1,3,3,11,1,0,0,1,127,0.7419354838709677,0.048370136698212406,Theo Walcott
228,Tom,Davies,154,Davies,53,-2,3,0.1,8,11,40,1218,1,1,3,21,6,0,0,3,145,0.7547169811320755,0.03284072249589491,Tom Davies
229,Ademola,Lookman,155,Lookman,50,0,3,0.0,8,11,0,0,0,0,0,0,0,0,0,0,0,0.0,,Ademola Lookman
230,Idrissa,Gueye,156,Gueye,50,0,3,0.0,8,11,0,0,0,0,0,0,0,0,0,0,0,0.0,,Idrissa Gueye
231,Morgan,Schneiderlin,158,Schneiderlin,44,-1,3,0.6,8,11,18,940,0,0,1,17,3,1,0,0,133,0.4090909090909091,0.019148936170212766,Morgan Schneiderlin
232,Fabian,Delph,205,Delph,53,-2,2,0.2,8,11,23,1106,0,0,2,21,3,1,0,2,187,0.4339622641509434,0.020795660036166366,Fabian Delph
233,André Filipe,Tavares Gomes,422,André Gomes,52,-3,3,0.3,8,11,13,584,0,0,2,8,3,0,0,0,71,0.25,0.02226027397260274,André Filipe Tavares Gomes
234,Lewis,Gibson,477,Gibson,43,-2,2,0.1,8,11,0,0,0,0,0,0,0,0,0,0,0,0.0,,Lewis Gibson
235,Mason,Holgate,478,Holgate,45,0,2,2.8,8,11,53,1462,0,4,3,24,3,0,0,5,303,1.1777777777777778,0.03625170998632011,Mason Holgate
236,Jonas,Lössl,479,Lössl,43,-2,1,0.3,8,11,0,0,0,0,0,0,0,0,0,0,0,0.0,,Jonas Lössl
237,Moise,Kean,496,Kean,64,-6,4,1.5,8,11,37,622,1,2,1,12,0,0,0,3,88,0.578125,0.0594855305466238,Moise Kean
238,Jean-Philippe,Gbamin,497,Gbamin,48,-2,3,0.0,8,11,4,135,0,0,1,0,0,0,0,0,14,0.08333333333333333,0.02962962962962963,Jean-Philippe Gbamin
239,Djibril,Sidibé,511,Sidibé,53,-2,2,1.7,8,11,62,1396,0,4,4,21,2,0,0,9,319,1.169811320754717,0.044412607449856735,Djibril Sidibé
240,Beni,Baningime,557,Baningime,45,0,3,0.0,8,11,0,0,0,0,0,0,0,0,0,0,0,0.0,,Beni Baningime
241,Anthony,Gordon,561,Gordon,45,0,4,0.0,8,11,1,45,0,0,0,0,0,0,0,0,2,0.022222222222222223,0.022222222222222223,Anthony Gordon
242,Oumar,Niasse,570,Niasse,45,0,4,0.0,8,11,3,19,0,0,0,2,0,0,0,0,1,0.06666666666666667,0.15789473684210525,Oumar Niasse
243,Rhu-endly,Martina,577,Cuco Martina,40,0,2,0.0,8,11,0,0,0,0,0,0,0,0,0,0,0,0.0,,Rhu-endly Martina
244,Ricardo Domingos,Barbosa Pereira,159,Pereira,63,3,2,13.2,9,13,107,2160,3,2,8,25,1,0,0,11,497,1.6984126984126984,0.04953703703703704,Ricardo Domingos Barbosa Pereira
245,Benjamin,Chilwell,161,Chilwell,56,1,2,9.0,9,13,85,1789,2,3,7,21,1,0,0,3,389,1.5178571428571428,0.047512576858580215,Benjamin Chilwell
246,Jonny,Evans,162,Evans,52,2,2,6.0,9,13,90,2214,1,2,8,26,4,0,0,7,494,1.7307692307692308,0.04065040650406504,Jonny Evans
247,Christian,Fuchs,163,Fuchs,43,-2,2,0.3,9,13,22,544,0,0,2,5,0,0,0,2,101,0.5116279069767442,0.04044117647058824,Christian Fuchs
248,Çaglar,Söyüncü,164,Söyüncü,50,5,2,15.9,9,13,86,2160,1,1,8,25,4,0,0,8,501,1.72,0.03981481481481482,Çaglar Söyüncü
249,Wes,Morgan,165,Morgan,41,-4,2,0.6,9,13,8,159,0,0,0,1,0,0,0,0,32,0.1951219512195122,0.050314465408805034,Wes Morgan
250,Jamie,Vardy,166,Vardy,98,8,4,37.3,9,13,152,2011,17,6,7,24,2,0,0,25,559,1.5510204081632653,0.07558428642466435,Jamie Vardy
251,Kelechi,Iheanacho,167,Iheanacho,57,-3,4,0.4,9,13,40,386,3,4,1,6,1,0,0,5,142,0.7017543859649122,0.10362694300518134,Kelechi Iheanacho
252,Kasper,Schmeichel,168,Schmeichel,54,4,1,13.8,9,13,92,2250,0,0,8,26,1,0,66,3,450,1.7037037037037037,0.04088888888888889,Kasper Schmeichel
253,Eldin,Jakupovic,169,Jakupovic,42,-3,1,0.1,9,13,0,0,0,0,0,0,0,0,0,0,0,0.0,,Eldin Jakupovic
254,Danny,Ward,170,Ward,43,-2,1,0.2,9,13,0,0,0,0,0,0,0,0,0,0,0,0.0,,Danny Ward
255,James,Maddison,171,Maddison,75,5,3,21.7,9,13,110,2039,6,5,7,23,3,0,0,14,444,1.4666666666666666,0.053948013732221675,James Maddison
256,Harvey,Barnes,172,Barnes,60,0,3,2.3,9,13,87,1390,4,7,5,14,0,0,0,5,256,1.45,0.06258992805755395,Harvey Barnes
257,Rachid,Ghezzal,173,Ghezzal,52,-3,3,0.0,9,13,0,0,0,0,0,0,0,0,0,0,0,0.0,,Rachid Ghezzal
258,Marc,Albrighton,174,Albrighton,51,-4,3,0.2,9,13,15,352,0,1,0,7,1,0,0,0,76,0.29411764705882354,0.04261363636363636,Marc Albrighton
259,Demarai,Gray,175,Gray,51,-4,3,0.2,9,13,24,409,1,2,0,4,1,0,0,0,80,0.47058823529411764,0.05867970660146699,Demarai Gray
260,Wilfred,Ndidi,176,Ndidi,50,0,3,1.8,9,13,63,1786,2,1,8,18,3,0,0,5,332,1.26,0.03527435610302351,Wilfred Ndidi
261,Matty,James,177,James,43,-2,3,0.1,9,13,0,0,0,0,0,0,0,0,0,0,0,0.0,,Matty James
262,Daniel,Amartey,178,Amartey,43,-2,3,0.3,9,13,0,0,0,0,0,0,0,0,0,0,0,0.0,,Daniel Amartey
263,Nampalys,Mendy,179,Mendy,43,-2,3,0.9,9,13,6,193,0,0,0,3,0,0,0,0,49,0.13953488372093023,0.031088082901554404,Nampalys Mendy
264,Hamza,Choudhury,180,Choudhury,43,-2,3,0.9,9,13,27,636,1,1,1,10,2,0,0,0,127,0.627906976744186,0.04245283018867924,Hamza Choudhury
265,Ayoze,Pérez,265,Pérez,62,-3,3,9.3,9,13,104,1433,7,5,6,16,0,0,0,9,320,1.6774193548387097,0.07257501744591766,Ayoze Pérez
266,Ryan,Bennett,404,Bennett,48,-2,2,0.3,9,13,21,603,0,0,2,9,2,0,0,0,110,0.4375,0.03482587064676617,Ryan Bennett
267,James,Justin,433,Justin,47,-3,2,0.1,9,13,7,110,0,1,0,1,0,0,0,0,30,0.14893617021276595,0.06363636363636363,James Justin
268,Youri,Tielemans,448,Tielemans,62,-3,3,4.3,9,13,88,1953,3,5,8,23,1,0,0,5,360,1.4193548387096775,0.04505888376856119,Youri Tielemans
269,Andy,King,480,King,43,-2,3,0.3,9,13,0,0,0,0,0,0,0,0,0,0,0,0.0,,Andy King
270,Dennis,Praet,517,Praet,53,-2,3,0.1,9,13,42,715,1,3,1,8,0,0,0,3,165,0.7924528301886793,0.05874125874125874,Dennis Praet
271,Filip,Benkovic,597,Benkovic,40,0,2,0.0,9,13,0,0,0,0,0,0,0,0,0,0,0,0.0,,Filip Benkovic
272,Andrew,Robertson,181,Robertson,70,0,2,20.6,10,14,123,2173,1,6,10,15,1,0,0,12,568,1.7571428571428571,0.05660377358490566,Andrew Robertson
273,Trent,Alexander-Arnold,182,Alexander-Arnold,77,7,2,43.5,10,14,146,2189,2,12,10,15,4,0,0,14,636,1.896103896103896,0.06669712197350389,Trent Alexander-Arnold
274,Virgil,van Dijk,183,van Dijk,65,0,2,44.7,10,14,127,2250,4,0,11,15,1,0,0,11,548,1.9538461538461538,0.05644444444444444,Virgil van Dijk
275,Joseph,Gomez,184,Gomez,53,-2,2,5.1,10,14,65,1007,0,0,9,2,3,0,0,5,277,1.2264150943396226,0.06454816285998013,Joseph Gomez
276,Joel,Matip,185,Matip,52,-3,2,1.2,10,14,32,630,1,0,2,5,0,0,0,4,141,0.6153846153846154,0.050793650793650794,Joel Matip
277,Dejan,Lovren,186,Lovren,53,-2,2,0.2,10,14,16,669,0,1,0,8,1,0,0,0,130,0.3018867924528302,0.02391629297458894,Dejan Lovren
278,Roberto,Firmino,187,Firmino,97,2,4,19.2,10,14,122,2062,8,8,13,10,0,0,0,18,480,1.2577319587628866,0.05916585838991271,Roberto Firmino
279,Divock,Origi,188,Origi,52,-3,4,2.5,10,14,50,487,3,3,1,9,0,0,0,6,177,0.9615384615384616,0.1026694045174538,Divock Origi
280,Alisson,Ramses Becker,189,Alisson,61,1,1,11.3,10,14,81,1463,0,1,9,7,0,1,40,6,357,1.3278688524590163,0.05536568694463431,Alisson Ramses Becker
281,Simon,Mignolet,190,Mignolet,45,0,1,0.0,10,14,0,0,0,0,0,0,0,0,0,0,0,0.0,,Simon Mignolet
282,Mohamed,Salah,191,Salah,127,2,3,45.1,10,14,165,1883,14,6,13,9,1,0,0,21,471,1.2992125984251968,0.08762612851832183,Mohamed Salah
283,Sadio,Mané,192,Mané,122,7,3,20.3,10,14,147,1777,11,8,9,12,1,0,0,18,422,1.2049180327868851,0.0827236916150816,Sadio Mané
284,Alex,Oxlade-Chamberlain,193,Chamberlain,62,-3,3,0.8,10,14,50,857,3,0,7,4,1,0,0,2,161,0.8064516129032258,0.058343057176196034,Alex Oxlade-Chamberlain
285,Xherdan,Shaqiri,194,Shaqiri,63,-2,3,0.2,10,14,14,174,1,0,1,2,0,0,0,0,51,0.2222222222222222,0.08045977011494253,Xherdan Shaqiri
286,Adam,Lallana,195,Lallana,57,-3,3,0.1,10,14,25,336,1,1,1,4,1,0,0,1,84,0.43859649122807015,0.0744047619047619,Adam Lallana
287,Naby,Keita,196,Keita,58,-2,3,0.2,10,14,22,226,1,1,2,0,0,0,0,3,88,0.3793103448275862,0.09734513274336283,Naby Keita
288,Fabio Henrique,Tavares,197,Fabinho,54,-1,3,1.0,10,14,38,1144,1,1,3,10,5,0,0,4,221,0.7037037037037037,0.033216783216783216,Fabio Henrique Tavares
289,Jordan,Henderson,198,Henderson,55,0,3,2.6,10,14,92,1793,3,4,13,9,1,0,0,8,428,1.6727272727272726,0.051310652537646405,Jordan Henderson
290,Georginio,Wijnaldum,199,Wijnaldum,54,-1,3,2.3,10,14,71,2022,2,0,11,13,0,0,0,3,318,1.3148148148148149,0.0351137487636004,Georginio Wijnaldum
291,James,Milner,200,Milner,53,-2,3,0.5,10,14,42,662,2,2,4,6,3,0,0,3,158,0.7924528301886793,0.0634441087613293,James Milner
292,Rafael,Camacho,201,Camacho,45,0,3,0.0,10,14,0,0,0,0,0,0,0,0,0,0,0,0.0,,Rafael Camacho
293,Rhian,Brewster,464,Brewster,42,-3,4,0.5,10,14,0,0,0,0,0,0,0,0,0,0,0,0.0,,Rhian Brewster
294,Adrián,San Miguel del Castillo,526,Adrián,40,-5,1,1.9,10,14,25,783,0,0,2,9,1,0,16,0,123,0.625,0.031928480204342274,Adrián San Miguel del Castillo
295,Andy,Lonergan,530,Lonergan,42,-3,1,0.0,10,14,0,0,0,0,0,0,0,0,0,0,0,0.0,,Andy Lonergan
296,Caoimhin,Kelleher,531,Kelleher,44,-1,1,0.0,10,14,0,0,0,0,0,0,0,0,0,0,0,0.0,,Caoimhin Kelleher
297,Harvey,Elliott,550,Elliott,45,0,3,0.0,10,14,1,1,0,0,0,0,0,0,0,0,3,0.022222222222222223,1.0,Harvey Elliott
298,Curtis,Jones,569,Jones,45,0,3,0.0,10,14,2,19,0,0,0,0,0,0,0,0,8,0.044444444444444446,0.10526315789473684,Curtis Jones
299,Neco,Williams,575,Williams,40,0,2,0.0,10,14,0,0,0,0,0,0,0,0,0,0,0,0.0,,Neco Williams
300,Nathaniel,Phillips,589,Phillips,40,0,2,0.0,10,14,0,0,0,0,0,0,0,0,0,0,0,0.0,,Nathaniel Phillips
301,Takumi,Minamino,590,Minamino,64,-1,3,0.1,10,14,2,66,0,0,0,1,0,0,0,0,2,0.03125,0.030303030303030304,Takumi Minamino
302,Aymeric,Laporte,202,Laporte,63,-2,2,2.1,11,43,15,383,0,0,2,3,1,0,0,0,80,0.23809523809523808,0.0391644908616188,Aymeric Laporte
303,Kyle,Walker,203,Walker,57,-3,2,10.7,11,43,60,1627,1,2,5,22,4,0,0,3,331,1.0526315789473684,0.03687768899815612,Kyle Walker
304,Benjamin,Mendy,204,Mendy,55,-5,2,0.8,11,43,36,921,0,2,3,11,2,0,0,2,216,0.6545454545454545,0.03908794788273615,Benjamin Mendy
305,Oleksandr,Zinchenko,206,Zinchenko,52,-3,2,2.4,11,43,29,829,0,0,4,11,0,1,0,1,184,0.5576923076923077,0.03498190591073583,Oleksandr Zinchenko
306,John,Stones,207,Stones,53,-2,2,1.0,11,43,23,879,0,0,2,15,0,0,0,0,172,0.4339622641509434,0.026166097838452786,John Stones
307,Nicolás,Otamendi,208,Otamendi,50,-5,2,2.1,11,43,57,1201,2,1,4,17,3,0,0,5,265,1.14,0.04746044962531224,Nicolás Otamendi
308,Danilo Luiz,da Silva,209,Danilo,50,0,2,0.0,11,43,0,0,0,0,0,0,0,0,0,0,0,0.0,,Danilo Luiz da Silva
309,Sergio,Agüero,210,Agüero,121,1,4,24.6,11,43,121,1170,16,4,3,17,1,0,0,14,484,1.0,0.10341880341880341,Sergio Agüero
310,Gabriel Fernando,de Jesus,211,Jesus,95,0,4,2.7,11,43,89,1199,9,5,5,11,1,0,0,8,315,0.9368421052631579,0.07422852376980818,Gabriel Fernando de Jesus
311,Ederson,Santana de Moraes,212,Ederson,60,0,1,11.4,11,43,67,1901,0,0,7,25,3,1,43,2,344,1.1166666666666667,0.035244608100999476,Ederson Santana de Moraes
312,Claudio,Bravo,213,Bravo,48,-2,1,0.3,11,43,11,346,0,0,1,7,0,0,8,0,69,0.22916666666666666,0.031791907514450865,Claudio Bravo
313,Raheem,Sterling,214,Sterling,117,-3,3,16.3,11,43,116,1928,11,2,8,25,5,0,0,9,384,0.9914529914529915,0.06016597510373444,Raheem Sterling
314,Kevin,De Bruyne,215,De Bruyne,108,13,3,53.7,11,43,161,1980,7,17,10,20,2,0,0,20,662,1.4907407407407407,0.08131313131313131,Kevin De Bruyne
315,Leroy,Sané,216,Sané,93,-2,3,0.2,11,43,0,0,0,0,0,0,0,0,0,0,0,0.0,,Leroy Sané
316,Riyad,Mahrez,217,Mahrez,86,1,3,9.7,11,43,112,1261,7,9,5,10,0,0,0,12,441,1.302325581395349,0.08881839809674862,Riyad Mahrez
317,Bernardo Mota,Veiga de Carvalho e Silva,218,Bernardo Silva,78,-2,3,8.3,11,43,76,1253,5,4,4,21,5,0,0,5,344,0.9743589743589743,0.060654429369513166,Bernardo Mota Veiga de Carvalho e Silva
318,David,Silva,219,David Silva,74,-1,3,4.3,11,43,87,1168,3,9,6,12,0,0,0,8,338,1.1756756756756757,0.07448630136986302,David Silva
319,Phil,Foden,220,Foden,51,-4,3,0.3,11,43,16,258,0,1,0,4,0,0,0,0,67,0.3137254901960784,0.06201550387596899,Phil Foden
320,Fernando,Luiz Rosa,221,Fernandinho,52,-3,3,0.7,11,43,40,1815,0,0,8,21,5,1,0,1,300,0.7692307692307693,0.02203856749311295,Fernando Luiz Rosa
321,Ilkay,Gündogan,222,Gündogan,52,-3,3,1.2,11,43,46,1394,2,1,3,24,7,0,0,4,279,0.8846153846153846,0.03299856527977044,Ilkay Gündogan
322,José Ángel,Esmorís Tasende,440,Angeliño,47,-3,2,0.2,11,43,11,422,0,1,0,7,1,0,0,1,94,0.23404255319148937,0.026066350710900472,José Ángel Esmorís Tasende
323,Rodrigo,Hernandez,443,Rodrigo,54,-1,3,1.0,11,43,59,1683,2,1,8,23,6,0,0,3,350,1.0925925925925926,0.035056446821152706,Rodrigo Hernandez
324,João Pedro Cavaco,Cancelo,518,Cancelo,52,-3,2,0.8,11,43,25,693,0,0,2,8,1,0,0,3,162,0.4807692307692308,0.03607503607503607,João Pedro Cavaco Cancelo
325,Eric,Garcia,544,Garcia,45,0,2,0.1,11,43,11,269,0,0,1,5,0,0,0,0,59,0.24444444444444444,0.040892193308550186,Eric Garcia
326,Scott,Carson,562,Carson,40,0,1,0.1,11,43,0,0,0,0,0,0,0,0,0,0,0,0.0,,Scott Carson
327,Aaron,Wan-Bissaka,122,Wan-Bissaka,53,-2,2,13.6,12,1,60,1970,0,1,4,27,4,0,0,9,385,1.1320754716981132,0.030456852791878174,Aaron Wan-Bissaka
328,Harry,Maguire,160,Maguire,52,-3,2,9.5,12,1,62,2250,0,0,5,29,2,0,0,2,398,1.1923076923076923,0.027555555555555555,Harry Maguire
329,Chris,Smalling,223,Smalling,52,-3,2,0.1,12,1,0,0,0,0,0,0,0,0,0,0,0,0.0,,Chris Smalling
330,Ashley,Young,224,Young,54,-1,2,0.3,12,1,24,953,0,0,2,10,5,0,0,0,158,0.4444444444444444,0.025183630640083946,Ashley Young
331,Victor,Lindelöf,225,Lindelöf,53,-2,2,1.2,12,1,63,2070,1,0,5,26,4,0,0,4,366,1.1886792452830188,0.030434782608695653,Victor Lindelöf
332,Luke,Shaw,226,Shaw,54,-1,2,0.6,12,1,25,873,0,0,2,10,4,0,0,0,161,0.46296296296296297,0.0286368843069874,Luke Shaw
333,Marcos,Rojo,227,Rojo,48,-2,2,0.1,12,1,3,121,0,0,0,2,1,0,0,0,9,0.0625,0.024793388429752067,Marcos Rojo
334,Eric,Bailly,228,Bailly,49,-1,2,0.0,12,1,0,0,0,0,0,0,0,0,0,0,0,0.0,,Eric Bailly
335,José Diogo,Dalot Teixeira,229,Dalot,49,-1,2,0.1,12,1,3,64,0,0,0,1,0,0,0,0,7,0.061224489795918366,0.046875,José Diogo Dalot Teixeira
336,Matteo,Darmian,230,Darmian,49,-1,2,0.0,12,1,0,0,0,0,0,0,0,0,0,0,0,0.0,,Matteo Darmian
337,Phil,Jones,231,Jones,48,-2,2,0.2,12,1,2,135,0,0,0,3,0,0,0,0,22,0.041666666666666664,0.014814814814814815,Phil Jones
338,Romelu,Lukaku,232,Lukaku,85,0,4,0.3,12,1,0,0,0,0,0,0,0,0,0,0,0,0.0,,Romelu Lukaku
339,Marcus,Rashford,233,Rashford,89,4,4,10.6,12,1,134,1876,14,5,4,23,2,0,0,26,494,1.5056179775280898,0.07142857142857142,Marcus Rashford
340,Mason,Greenwood,234,Greenwood,44,-1,4,12.3,12,1,43,494,4,0,0,8,0,0,0,5,168,0.9772727272727273,0.08704453441295547,Mason Greenwood
341,David,de Gea,235,de Gea,54,-1,1,11.3,12,1,79,2250,0,0,5,29,2,0,64,5,380,1.462962962962963,0.035111111111111114,David de Gea
342,Sergio,Romero,236,Romero,47,-3,1,0.2,12,1,0,0,0,0,0,0,0,0,0,0,0,0.0,,Sergio Romero
343,Lee,Grant,237,Grant,48,-2,1,0.1,12,1,0,0,0,0,0,0,0,0,0,0,0,0.0,,Lee Grant
344,Paul,Pogba,238,Pogba,83,-2,3,2.9,12,1,17,521,0,2,1,5,0,0,0,0,80,0.20481927710843373,0.03262955854126679,Paul Pogba
345,Anthony,Martial,239,Martial,79,4,3,11.6,12,1,96,1541,8,3,6,20,1,0,0,7,254,1.2151898734177216,0.06229720960415315,Anthony Martial
346,Alexis,Sánchez,240,Sánchez,68,-2,3,0.4,12,1,0,0,0,0,0,0,0,0,0,0,0,0.0,,Alexis Sánchez
347,Jesse,Lingard,241,Lingard,63,-2,3,0.7,12,1,25,882,0,0,1,14,3,0,0,0,73,0.3968253968253968,0.02834467120181406,Jesse Lingard
348,Juan,Mata,242,Mata,62,-3,3,0.4,12,1,35,709,0,2,4,8,1,0,0,2,133,0.5645161290322581,0.04936530324400564,Juan Mata
349,Daniel,James,243,James,59,-1,3,6.5,12,1,80,1907,3,6,4,27,3,0,0,2,278,1.3559322033898304,0.04195070791819612,Daniel James
350,Frederico,Rodrigues de Paula Santos,244,Fred,53,-2,3,0.3,12,1,38,1678,0,0,3,23,4,0,0,0,270,0.7169811320754716,0.02264600715137068,Frederico Rodrigues de Paula Santos
351,Angel,Gomes,245,Gomes,48,-2,3,0.1,12,1,2,19,0,0,0,1,0,0,0,0,7,0.041666666666666664,0.10526315789473684,Angel Gomes
352,Andreas,Pereira,246,Pereira,49,-1,3,0.5,12,1,57,1432,1,3,6,16,3,0,0,1,187,1.163265306122449,0.039804469273743016,Andreas Pereira
353,Nemanja,Matic,247,Matic,48,-2,3,0.3,12,1,17,598,0,0,3,7,1,0,0,0,92,0.3541666666666667,0.028428093645484948,Nemanja Matic
354,Scott,McTominay,248,McTominay,49,-1,3,1.0,12,1,55,1451,2,2,2,17,2,0,0,6,237,1.1224489795918366,0.03790489317711923,Scott McTominay
355,Tahith,Chong,249,Chong,43,-2,3,0.6,12,1,2,24,0,0,0,0,0,0,0,0,4,0.046511627906976744,0.08333333333333333,Tahith Chong
356,James,Garner,250,Garner,43,-2,3,0.2,12,1,1,8,0,0,0,1,0,0,0,0,3,0.023255813953488372,0.125,James Garner
357,Axel,Tuanzebe,481,Tuanzebe,44,-1,2,0.1,12,1,7,187,0,0,0,3,0,0,0,0,30,0.1590909090909091,0.0374331550802139,Axel Tuanzebe
358,Brandon,Williams,549,Williams,41,1,2,5.3,12,1,27,590,1,1,2,9,4,0,0,1,119,0.6585365853658537,0.04576271186440678,Brandon Williams
359,Bruno Miguel,Borges Fernandes,618,Fernandes,80,0,3,2.4,12,1,2,90,0,0,1,0,1,0,0,0,2,0.025,0.022222222222222223,Bruno Miguel Borges Fernandes
360,Odion,Ighalo,624,Ighalo,65,0,4,0.3,12,1,0,0,0,0,0,0,0,0,0,0,0,0.0,,Odion Ighalo
361,Matt,Ritchie,251,Ritchie,53,-2,2,0.2,13,4,21,528,0,0,3,6,1,0,0,0,110,0.39622641509433965,0.03977272727272727,Matt Ritchie
362,Fabian,Schär,252,Schär,50,0,2,1.3,13,4,51,1297,2,1,4,25,4,0,0,2,237,1.02,0.03932151117964534,Fabian Schär
363,DeAndre,Yedlin,253,Yedlin,44,-1,2,0.1,13,4,23,772,1,0,1,11,3,0,0,0,96,0.5227272727272727,0.029792746113989636,DeAndre Yedlin
364,Federico,Fernández,254,Fernández,44,-1,2,1.7,13,4,67,1463,2,2,4,22,4,0,0,10,302,1.5227272727272727,0.04579630895420369,Federico Fernández
365,Paul,Dummett,255,Dummett,44,-1,2,0.2,13,4,44,1227,0,0,5,20,2,0,0,4,230,1.0,0.035859820700896494,Paul Dummett
366,Javier,Manquillo,256,Manquillo,43,-2,2,0.2,13,4,32,800,0,1,3,12,2,0,0,4,137,0.7441860465116279,0.04,Javier Manquillo
367,Florian,Lejeune,257,Lejeune,44,-1,2,0.0,13,4,24,440,2,0,1,10,0,0,0,1,88,0.5454545454545454,0.05454545454545454,Florian Lejeune
368,Jamaal,Lascelles,258,Lascelles,42,-3,2,3.7,13,4,51,1270,1,0,5,20,1,0,0,3,243,1.2142857142857142,0.04015748031496063,Jamaal Lascelles
369,Ciaran,Clark,259,Clark,43,-2,2,0.3,13,4,48,1104,2,0,4,12,3,0,0,2,211,1.1162790697674418,0.043478260869565216,Ciaran Clark
370,Yoshinori,Muto,260,Muto,51,-4,4,0.1,13,4,8,201,0,0,0,6,0,0,0,0,22,0.1568627450980392,0.03980099502487562,Yoshinori Muto
371,Jose Luis,Mato Sanmartín,261,Joselu,50,0,4,0.0,13,4,0,0,0,0,0,0,0,0,0,0,0,0.0,,Jose Luis Mato Sanmartín
372,Martin,Dubravka,262,Dubravka,50,0,1,1.7,13,4,99,2250,0,0,7,36,0,0,101,6,494,1.98,0.044,Martin Dubravka
373,Karl,Darlow,263,Darlow,43,-2,1,0.1,13,4,0,0,0,0,0,0,0,0,0,0,0,0.0,,Karl Darlow
374,Frederick,Woodman,264,Woodman,40,0,1,0.8,13,4,0,0,0,0,0,0,0,0,0,0,0,0.0,,Frederick Woodman
375,Miguel,Almirón,266,Almirón,58,-2,3,0.8,13,4,70,2030,2,1,8,32,4,0,0,5,216,1.206896551724138,0.034482758620689655,Miguel Almirón
376,Christian,Atsu,267,Atsu,53,-2,3,0.1,13,4,36,732,0,3,3,14,2,0,0,0,102,0.6792452830188679,0.04918032786885246,Christian Atsu
377,Sung-yueng,Ki,268,Ki Sung-yueng,47,-3,3,0.0,13,4,4,135,0,0,0,6,0,0,0,0,18,0.0851063829787234,0.02962962962962963,Sung-yueng Ki
378,Jonjo,Shelvey,269,Shelvey,49,-1,3,0.7,13,4,64,1159,5,0,4,18,1,0,0,9,261,1.3061224489795917,0.055220017256255395,Jonjo Shelvey
379,Sean,Longstaff,270,Longstaff,50,0,3,0.3,13,4,33,1106,0,2,2,19,1,1,0,0,133,0.66,0.029837251356238697,Sean Longstaff
380,Isaac,Hayden,271,Hayden,43,-2,3,4.9,13,4,54,1781,1,3,5,30,4,1,0,2,236,1.255813953488372,0.030320044918585063,Isaac Hayden
381,Danny,Rose,332,Rose,53,-2,2,1.3,13,4,18,902,0,0,1,14,5,0,0,0,140,0.33962264150943394,0.019955654101995565,Danny Rose
382,Joelinton Cássio,Apolinário de Lira,466,Joelinton,55,-5,4,0.9,13,4,56,1935,1,2,5,31,4,0,0,3,164,1.018181818181818,0.028940568475452195,Joelinton Cássio Apolinário de Lira
383,Jack,Colback,482,Colback,44,-1,3,0.1,13,4,0,0,0,0,0,0,0,0,0,0,0,0.0,,Jack Colback
384,Jacob,Murphy,483,Murphy,48,-2,3,0.0,13,4,0,0,0,0,0,0,0,0,0,0,0,0.0,,Jacob Murphy
385,Jetro,Willems,498,Willems,45,0,2,1.0,13,4,64,1492,2,2,3,24,0,0,0,6,283,1.4222222222222223,0.04289544235924933,Jetro Willems
386,Rolando,Aarons,499,Aarons,48,-2,3,0.0,13,4,0,0,0,0,0,0,0,0,0,0,0,0.0,,Rolando Aarons
387,Allan,Saint-Maximin,500,Saint-Maximin,54,-1,3,0.4,13,4,40,983,1,2,4,8,0,0,0,0,135,0.7407407407407407,0.04069175991861648,Allan Saint-Maximin
388,Emil,Krafth,519,Krafth,43,-2,2,0.1,13,4,21,561,0,0,2,12,0,0,0,0,107,0.4883720930232558,0.0374331550802139,Emil Krafth
389,Andy,Carroll,520,Carroll,54,-1,4,0.1,13,4,25,507,0,3,2,7,1,0,0,0,75,0.46296296296296297,0.04930966469428008,Andy Carroll
390,Matthew,Longstaff,540,Matthew Longstaff,45,0,3,0.2,13,4,25,544,2,0,1,9,1,0,0,2,98,0.5555555555555556,0.04595588235294118,Matthew Longstaff
391,Dwight,Gayle,554,Gayle,50,0,4,0.0,13,4,12,178,0,1,0,6,0,0,0,0,32,0.24,0.06741573033707865,Dwight Gayle
392,Robert,Elliot,573,Elliot,40,0,1,0.1,13,4,0,0,0,0,0,0,0,0,0,0,0,0.0,,Robert Elliot
393,Thomas,Allan,598,Allan,45,0,3,0.0,13,4,0,0,0,0,0,0,0,0,0,0,0,0.0,,Thomas Allan
394,Kelland,Watts,599,Watts,40,0,2,0.0,13,4,0,0,0,0,0,0,0,0,0,0,0,0.0,,Kelland Watts
395,Liam,Gibson,610,Gibson,40,0,2,0.0,13,4,0,0,0,0,0,0,0,0,0,0,0,0.0,,Liam Gibson
396,Nabil,Bentaleb,612,Bentaleb,50,0,3,0.0,13,4,2,90,0,0,1,0,1,0,0,0,12,0.04,0.022222222222222223,Nabil Bentaleb
397,Valentino,Lazaro,614,Lazaro,55,0,3,0.0,13,4,1,36,0,0,0,0,0,0,0,0,5,0.01818181818181818,0.027777777777777776,Valentino Lazaro
398,Timm,Klose,272,Klose,43,-2,2,0.0,14,45,0,0,0,0,0,0,0,0,0,0,0,0.0,,Timm Klose
399,Ben,Godfrey,273,Godfrey,44,-1,2,0.1,14,45,24,1564,0,0,2,35,1,1,0,0,279,0.5454545454545454,0.015345268542199489,Ben Godfrey
400,Maximillian,Aarons,274,Aarons,43,-2,2,1.1,14,45,43,2070,0,1,4,43,5,0,0,1,327,1.0,0.02077294685990338,Maximillian Aarons
401,Christoph,Zimmermann,275,Zimmermann,44,-1,2,0.0,14,45,33,1205,0,1,3,20,2,0,0,1,220,0.75,0.027385892116182572,Christoph Zimmermann
402,Jamal,Lewis,276,Lewis,44,-1,2,0.2,14,45,21,1162,0,0,2,28,2,0,0,0,188,0.4772727272727273,0.018072289156626505,Jamal Lewis
403,Grant,Hanley,277,Hanley,40,0,2,2.1,14,45,14,901,0,0,1,20,2,0,0,1,143,0.35,0.01553829078801332,Grant Hanley
404,Teemu,Pukki,278,Pukki,65,0,4,13.4,14,45,119,2131,11,3,5,42,3,0,0,21,400,1.8307692307692307,0.05584232754575317,Teemu Pukki
405,Dennis,Srbeny,279,Srbeny,52,-3,4,0.0,14,45,13,41,1,0,0,2,0,0,0,1,50,0.25,0.3170731707317073,Dennis Srbeny
406,Tim,Krul,280,Krul,45,0,1,2.3,14,45,76,2070,0,0,4,40,4,0,81,9,429,1.6888888888888889,0.03671497584541063,Tim Krul
407,Michael,McGovern,281,McGovern,40,0,1,6.6,14,45,11,158,0,0,0,6,0,0,7,2,46,0.275,0.06962025316455696,Michael McGovern
408,Mario,Vrancic,282,Vrancic,62,-3,3,0.1,14,45,19,353,1,0,0,8,2,0,0,1,78,0.3064516129032258,0.053824362606232294,Mario Vrancic
409,Emiliano,Buendía,283,Buendía,60,0,3,0.8,14,45,74,1795,0,7,2,40,3,0,0,10,363,1.2333333333333334,0.041225626740947076,Emiliano Buendía
410,Onel,Hernández,284,Hernández,53,-2,3,0.1,14,45,33,756,1,1,1,15,0,0,0,0,106,0.6226415094339622,0.04365079365079365,Onel Hernández
411,Marco,Stiepermann,285,Stiepermann,51,-4,3,0.1,14,45,24,919,0,0,1,24,4,0,0,0,75,0.47058823529411764,0.026115342763873776,Marco Stiepermann
412,Kenny,McLean,286,McLean,49,-1,3,0.2,14,45,53,1928,1,1,4,40,4,0,0,0,289,1.0816326530612246,0.027489626556016597,Kenny McLean
413,Todd,Cantwell,287,Cantwell,49,4,3,21.3,14,45,92,1782,6,2,5,36,4,0,0,10,332,1.8775510204081634,0.051627384960718295,Todd Cantwell
414,Moritz,Leitner,288,Leitner,43,-2,3,0.2,14,45,16,683,0,0,1,16,1,0,0,0,102,0.37209302325581395,0.02342606149341142,Moritz Leitner
415,Alexander,Tettey,289,Tettey,45,0,3,0.3,14,45,46,1454,1,1,4,25,4,0,0,3,254,1.0222222222222221,0.03163686382393398,Alexander Tettey
416,Tom,Trybull,290,Trybull,44,-1,3,0.6,14,45,25,1022,0,0,2,21,2,0,0,0,161,0.5681818181818182,0.02446183953033268,Tom Trybull
417,Josip,Drmic,434,Drmic,53,-2,4,0.1,14,45,14,124,1,0,0,3,0,0,0,0,42,0.2641509433962264,0.11290322580645161,Josip Drmic
418,Patrick,Roberts,435,Roberts,51,-4,3,0.0,14,45,3,24,0,0,0,2,0,0,0,0,12,0.058823529411764705,0.125,Patrick Roberts
419,Ralf,Fahrmann,449,Fahrmann,44,-1,1,0.3,14,45,1,21,0,0,0,1,0,0,1,0,6,0.022727272727272728,0.047619047619047616,Ralf Fahrmann
420,Sam,Byram,454,Byram,44,-1,2,0.1,14,45,31,1266,0,0,3,23,4,0,0,2,199,0.7045454545454546,0.02448657187993681,Sam Byram
421,Philip,Heise,484,Heise,39,-1,2,0.7,14,45,0,0,0,0,0,0,0,0,0,0,0,0.0,,Philip Heise
422,Ibrahim,Amadou,507,Amadou,45,0,3,0.1,14,45,18,756,0,0,1,20,1,0,0,0,122,0.4,0.023809523809523808,Ibrahim Amadou
423,Adam,Idah,538,Idah,44,-1,4,0.1,14,45,3,65,0,0,0,3,0,0,0,0,9,0.06818181818181818,0.046153846153846156,Adam Idah
424,Archie,Mair,551,Mair,40,0,1,0.1,14,45,0,0,0,0,0,0,0,0,0,0,0,0.0,,Archie Mair
425,Akin,Famewo,552,Famewo,40,0,2,0.1,14,45,0,0,0,0,0,0,0,0,0,0,0,0.0,,Akin Famewo
426,Ondrej,Duda,601,Duda,50,0,3,0.1,14,45,11,257,0,1,2,2,0,0,0,0,60,0.22,0.042801556420233464,Ondrej Duda
427,Lukas,Rupp,602,Rupp,45,0,3,0.0,14,45,6,174,0,0,1,2,0,0,0,0,21,0.13333333333333333,0.034482758620689655,Lukas Rupp
428,Lys,Mousset,70,Mousset,46,-4,4,2.5,15,49,68,993,5,3,3,11,0,0,0,9,205,1.4782608695652173,0.06847935548841894,Lys Mousset
429,Enda,Stevens,291,Stevens,51,1,2,3.2,15,49,96,2250,1,2,9,23,4,0,0,8,453,1.8823529411764706,0.042666666666666665,Enda Stevens
430,Kieron,Freeman,292,Freeman,42,-3,2,0.1,15,49,0,0,0,0,0,0,0,0,0,0,0,0.0,,Kieron Freeman
431,Jack,O'Connell,293,O'Connell,47,2,2,3.6,15,49,86,2250,0,1,9,23,3,0,0,6,433,1.8297872340425532,0.03822222222222222,Jack O'Connell
432,George,Baldock,294,Baldock,51,6,2,12.0,15,49,105,2250,2,4,9,23,6,0,0,7,413,2.0588235294117645,0.04666666666666667,George Baldock
433,John,Egan,295,Egan,46,1,2,1.8,15,49,80,2148,0,0,9,20,2,0,0,3,386,1.7391304347826086,0.037243947858473,John Egan
434,Richard,Stearman,296,Stearman,39,-1,2,2.2,15,49,0,0,0,0,0,0,0,0,0,0,0,0.0,,Richard Stearman
435,John,Lundstram,297,Lundstram,50,10,2,43.3,15,49,108,1937,3,3,8,20,4,0,0,12,408,2.16,0.055756324212700055,John Lundstram
436,Billy,Sharp,298,Sharp,56,-4,4,0.3,15,49,20,444,1,0,1,4,1,1,0,3,54,0.35714285714285715,0.04504504504504504,Billy Sharp
437,Jake,Eastwood,299,Eastwood,43,-2,1,0.1,15,49,0,0,0,0,0,0,0,0,0,0,0,0.0,,Jake Eastwood
438,Mark,Duffy,300,Duffy,52,-3,3,0.0,15,49,0,0,0,0,0,0,0,0,0,0,0,0.0,,Mark Duffy
439,John,Fleck,301,Fleck,51,1,3,7.1,15,49,87,1918,5,2,7,19,7,0,0,13,386,1.7058823529411764,0.04535974973931178,John Fleck
440,Oliver,Norwood,302,Norwood,49,-1,3,0.4,15,49,70,2103,1,2,9,23,6,0,0,6,406,1.4285714285714286,0.033285782215882076,Oliver Norwood
441,David,McGoldrick,303,McGoldrick,54,-1,4,0.2,15,49,40,1314,0,2,5,13,2,0,0,3,100,0.7407407407407407,0.030441400304414,David McGoldrick
442,Chris,Basham,423,Basham,45,0,2,1.1,15,49,79,2162,0,0,9,23,4,0,0,3,392,1.7555555555555555,0.03654024051803885,Chris Basham
443,Simon,Moore,436,Moore,43,-2,1,0.1,15,49,1,90,0,0,0,3,0,0,2,0,9,0.023255813953488372,0.011111111111111112,Simon Moore
444,Luke,Freeman,441,Freeman,51,-4,3,0.1,15,49,11,322,0,0,1,4,2,0,0,0,32,0.21568627450980393,0.034161490683229816,Luke Freeman
445,Phil,Jagielka,444,Jagielka,42,-3,2,0.4,15,49,4,128,0,0,0,3,0,0,0,0,31,0.09523809523809523,0.03125,Phil Jagielka
446,Callum,Robinson,453,Callum Robinson,50,-5,3,0.2,15,49,33,669,1,2,2,6,1,0,0,1,73,0.66,0.04932735426008968,Callum Robinson
447,Ravel,Morrison,456,Morrison,46,-4,3,0.1,15,49,1,12,0,0,0,0,0,0,0,0,0,0.021739130434782608,0.08333333333333333,Ravel Morrison
448,Dean,Henderson,471,Henderson,51,6,1,15.9,15,49,111,2160,0,1,9,20,2,0,64,11,464,2.176470588235294,0.05138888888888889,Dean Henderson
449,Ben,Osborn,472,Osborn,47,-3,3,0.0,15,49,5,52,0,0,0,0,0,0,0,0,20,0.10638297872340426,0.09615384615384616,Ben Osborn
450,Oliver,McBurnie,501,McBurnie,57,-3,4,0.3,15,49,52,1159,4,0,6,13,3,0,0,4,182,0.9122807017543859,0.04486626402070751,Oliver McBurnie
451,Michael,Verrips,521,Verrips,44,-1,1,0.0,15,49,0,0,0,0,0,0,0,0,0,0,0,0.0,,Michael Verrips
452,Muhamed,Bešić,522,Bešić,44,-1,3,0.1,15,49,9,243,0,0,0,2,2,0,0,0,40,0.20454545454545456,0.037037037037037035,Muhamed Bešić
453,Leon,Clarke,547,Clarke,44,-1,4,0.1,15,49,1,13,0,0,0,0,0,0,0,0,-1,0.022727272727272728,0.07692307692307693,Leon Clarke
454,Jack,Rodwell,591,Rodwell,45,0,3,0.0,15,49,0,0,0,0,0,0,0,0,0,0,0,0.0,,Jack Rodwell
455,Jack,Robinson,611,Jack Robinson,40,0,2,0.0,15,49,0,0,0,0,0,0,0,0,0,0,0,0.0,,Jack Robinson
456,Sander,Berge,621,Berge,50,0,3,0.1,15,49,3,67,0,0,1,0,0,0,0,0,7,0.06,0.04477611940298507,Sander Berge
457,Richairo,Zivkovic,622,Zivkovic,50,0,4,0.0,15,49,0,0,0,0,0,0,0,0,0,0,0,0.0,,Richairo Zivkovic
458,Panagiotis,Retsos,625,Retsos,45,0,2,0.0,15,49,0,0,0,0,0,0,0,0,0,0,0,0.0,,Panagiotis Retsos
459,Jannik,Vestergaard,304,Vestergaard,46,-4,2,2.1,16,20,38,1023,1,0,3,21,1,0,0,6,208,0.8260869565217391,0.03714565004887586,Jannik Vestergaard
460,Ryan,Bertrand,305,Bertrand,48,-2,2,0.8,16,20,39,1662,1,1,3,39,3,1,0,0,242,0.8125,0.023465703971119134,Ryan Bertrand
461,Yan,Valery,306,Valery,46,-4,2,0.1,16,20,9,554,0,1,0,18,1,0,0,0,64,0.1956521739130435,0.016245487364620937,Yan Valery
462,Jan,Bednarek,307,Bednarek,44,-1,2,0.8,16,20,53,2157,1,0,4,46,3,0,0,3,357,1.2045454545454546,0.024571163653222067,Jan Bednarek
463,Jack,Stephens,308,Stephens,44,-1,2,3.4,16,20,55,1467,1,3,3,27,1,0,0,6,264,1.25,0.03749147920927062,Jack Stephens
464,Maya,Yoshida,310,Yoshida,42,-3,2,0.2,16,20,10,558,0,0,1,18,1,0,0,1,85,0.23809523809523808,0.017921146953405017,Maya Yoshida
465,Kayne,Ramsay,311,Ramsay,39,-1,2,1.7,16,20,0,0,0,0,0,0,0,0,0,0,0,0.0,,Kayne Ramsay
466,Charlie,Austin,312,Austin,60,0,4,0.0,16,20,0,0,0,0,0,0,0,0,0,0,0,0.0,,Charlie Austin
467,Danny,Ings,313,Ings,70,10,4,29.8,16,20,128,1705,14,1,2,32,2,0,0,27,462,1.8285714285714285,0.0750733137829912,Danny Ings
468,Michael,Obafemi,314,Obafemi,49,-1,4,0.2,16,20,20,373,1,0,2,7,0,0,0,2,65,0.40816326530612246,0.05361930294906166,Michael Obafemi
469,Shane,Long,315,Long,46,-4,4,2.0,16,20,38,808,1,3,1,14,0,0,0,1,88,0.8260869565217391,0.04702970297029703,Shane Long
470,Sam,Gallagher,316,Gallagher,45,0,4,0.0,16,20,0,0,0,0,0,0,0,0,0,0,0,0.0,,Sam Gallagher
471,Fraser,Forster,317,Forster,43,-2,1,0.3,16,20,0,0,0,0,0,0,0,0,0,0,0,0.0,,Fraser Forster
472,Alex,McCarthy,318,McCarthy,44,-1,1,3.8,16,20,45,1350,0,0,3,21,0,0,43,1,250,1.0227272727272727,0.03333333333333333,Alex McCarthy
473,Angus,Gunn,319,Gunn,43,-2,1,1.5,16,20,29,900,0,0,2,25,0,0,30,3,166,0.6744186046511628,0.03222222222222222,Angus Gunn
474,Nathan,Redmond,320,Redmond,62,-3,3,1.1,16,20,69,1955,3,1,4,43,2,0,0,5,269,1.1129032258064515,0.03529411764705882,Nathan Redmond
475,James,Ward-Prowse,321,Ward-Prowse,58,-2,3,1.5,16,20,81,2250,4,3,5,46,7,0,0,6,387,1.396551724137931,0.036,James Ward-Prowse
476,Mohamed,Elyounoussi,322,Elyounoussi,52,-3,3,0.0,16,20,0,0,0,0,0,0,0,0,0,0,0,0.0,,Mohamed Elyounoussi
477,Stuart,Armstrong,323,Armstrong,52,-3,3,0.2,16,20,45,864,2,1,3,13,2,0,0,4,117,0.8653846153846154,0.052083333333333336,Stuart Armstrong
478,Mario,Lemina,324,Lemina,47,-3,3,0.1,16,20,0,0,0,0,0,0,0,0,0,0,0,0.0,,Mario Lemina
479,Pierre-Emile,Højbjerg,325,Højbjerg,48,-2,3,0.4,16,20,57,2087,0,3,5,42,5,0,0,1,304,1.1875,0.02731193100143747,Pierre-Emile Højbjerg
480,Tyreke,Johnson,326,Johnson,44,-1,3,0.0,16,20,0,0,0,0,0,0,0,0,0,0,0,0.0,,Tyreke Johnson
481,Callum,Slattery,327,Slattery,44,-1,3,0.3,16,20,0,0,0,0,0,0,0,0,0,0,0,0.0,,Callum Slattery
482,Oriol,Romeu Vidal,328,Oriol Romeu,43,-2,3,1.6,16,20,34,1286,0,0,3,32,3,0,0,0,191,0.7906976744186046,0.026438569206842923,Oriol Romeu Vidal
483,Kyle,Walker-Peters,337,Walker-Peters,44,-6,2,0.6,16,20,5,241,0,0,0,4,0,0,0,0,44,0.11363636363636363,0.02074688796680498,Kyle Walker-Peters
484,Che,Adams,437,Adams,53,-7,4,0.3,16,20,33,684,0,2,3,11,0,0,0,0,74,0.6226415094339622,0.04824561403508772,Che Adams
485,Moussa,Djenepo,438,Djenepo,52,-3,3,0.1,16,20,35,752,2,1,1,12,4,0,0,3,129,0.6730769230769231,0.04654255319148936,Moussa Djenepo
486,Wesley,Hoedt,485,Hoedt,43,-2,2,0.0,16,20,0,0,0,0,0,0,0,0,0,0,0,0.0,,Wesley Hoedt
487,Sofiane,Boufal,508,Boufal,55,0,3,0.1,16,20,29,577,0,3,1,13,2,0,0,0,83,0.5272727272727272,0.05025996533795494,Sofiane Boufal
488,Kevin,Danso,532,Danso,42,-3,2,0.0,16,20,9,275,0,1,1,8,0,1,0,0,46,0.21428571428571427,0.03272727272727273,Kevin Danso
489,Daniel,N'Lundulu,535,N'Lundulu,45,0,4,0.1,16,20,0,0,0,0,0,0,0,0,0,0,0,0.0,,Daniel N'Lundulu
490,Harry,Lewis,548,Lewis,40,0,1,0.2,16,20,0,0,0,0,0,0,0,0,0,0,0,0.0,,Harry Lewis
491,William,Smallbone,584,Smallbone,45,0,3,0.0,16,20,0,0,0,0,0,0,0,0,0,0,0,0.0,,William Smallbone
492,Ben,Davies,329,Davies,53,-2,2,0.1,17,6,8,360,0,0,0,6,1,0,0,0,43,0.1509433962264151,0.022222222222222223,Ben Davies
493,Jan,Vertonghen,330,Vertonghen,52,-3,2,1.7,17,6,48,1362,1,1,3,20,2,0,0,4,282,0.9230769230769231,0.03524229074889868,Jan Vertonghen
494,Toby,Alderweireld,331,Alderweireld,53,-2,2,4.9,17,6,58,2160,0,2,4,31,4,0,0,2,411,1.0943396226415094,0.026851851851851852,Toby Alderweireld
495,Davinson,Sánchez,333,Sánchez,53,-2,2,0.9,17,6,32,1530,0,0,2,23,4,0,0,1,272,0.6037735849056604,0.02091503267973856,Davinson Sánchez
496,Kieran,Trippier,334,Trippier,55,0,2,0.1,17,6,0,0,0,0,0,0,0,0,0,0,0,0.0,,Kieran Trippier
497,Juan,Foyth,335,Foyth,48,-2,2,0.0,17,6,3,66,0,0,0,3,1,0,0,0,9,0.0625,0.045454545454545456,Juan Foyth
498,Serge,Aurier,336,Aurier,50,0,2,6.4,17,6,75,1714,0,6,5,22,1,1,0,11,424,1.5,0.043757292882147025,Serge Aurier
499,Harry,Kane,338,Kane,108,-2,4,8.8,17,6,104,1778,11,2,2,29,2,0,0,16,374,0.9629629629629629,0.05849268841394826,Harry Kane
500,Vincent,Janssen,339,Janssen,45,0,4,0.1,17,6,0,0,0,0,0,0,0,0,0,0,0,0.0,,Vincent Janssen
501,Hugo,Lloris,340,Lloris,53,-2,1,3.4,17,6,40,728,0,0,2,9,0,0,36,3,180,0.7547169811320755,0.054945054945054944,Hugo Lloris
502,Paulo,Gazzaniga,341,Gazzaniga,44,-1,1,2.6,17,6,57,1522,0,0,2,23,1,0,58,6,292,1.2954545454545454,0.03745072273324573,Paulo Gazzaniga
503,Heung-Min,Son,342,Son,100,5,3,10.6,17,6,109,1654,7,9,4,23,0,2,0,10,353,1.09,0.06590084643288996,Heung-Min Son
504,Christian,Eriksen,343,Eriksen,86,-4,3,2.5,17,6,48,1090,2,2,1,18,5,0,0,6,205,0.5581395348837209,0.044036697247706424,Christian Eriksen
505,Bamidele,Alli,344,Alli,85,0,3,5.6,17,6,96,1484,7,4,4,18,2,0,0,12,308,1.1294117647058823,0.0646900269541779,Bamidele Alli
506,Lucas,Rodrigues Moura da Silva,345,Lucas Moura,71,-4,3,4.9,17,6,69,1360,4,3,3,16,2,0,0,1,205,0.971830985915493,0.05073529411764706,Lucas Rodrigues Moura da Silva
507,Erik,Lamela,346,Lamela,57,-3,3,1.1,17,6,42,825,2,2,3,9,2,0,0,2,156,0.7368421052631579,0.05090909090909091,Erik Lamela
508,Harry,Winks,347,Winks,52,-3,3,0.3,17,6,31,1319,0,0,3,20,6,0,0,0,229,0.5961538461538461,0.02350265352539803,Harry Winks
509,Victor,Wanyama,348,Wanyama,48,-2,3,0.1,17,6,1,24,0,0,0,2,1,0,0,0,5,0.020833333333333332,0.041666666666666664,Victor Wanyama
510,Moussa,Sissoko,349,Sissoko,48,-2,3,1.3,17,6,49,1688,2,1,3,25,6,0,0,0,272,1.0208333333333333,0.029028436018957347,Moussa Sissoko
511,Eric,Dier,350,Dier,48,-2,3,0.2,17,6,17,651,0,1,1,12,4,0,0,0,75,0.3541666666666667,0.026113671274961597,Eric Dier
512,Luke,Amos,351,Amos,45,0,3,0.0,17,6,0,0,0,0,0,0,0,0,0,0,0,0.0,,Luke Amos
513,Oliver,Skipp,352,Skipp,43,-2,3,0.6,17,6,3,12,0,0,0,0,0,0,0,0,8,0.06976744186046512,0.25,Oliver Skipp
514,Tanguy,Ndombele,442,Ndombele,58,-2,3,2.3,17,6,40,817,2,2,1,13,2,0,0,2,187,0.6896551724137931,0.04895960832313342,Tanguy Ndombele
515,Troy,Parrott,509,Parrott,43,-2,4,0.8,17,6,1,5,0,0,0,0,0,0,0,0,3,0.023255813953488372,0.2,Troy Parrott
516,Giovani,Lo Celso,523,Lo Celso,73,-2,3,0.3,17,6,22,612,0,0,3,6,2,0,0,0,96,0.3013698630136986,0.03594771241830065,Giovani Lo Celso
517,Ryan,Sessegnon,524,Sessegnon,54,-1,3,0.1,17,6,9,341,0,0,0,5,0,0,0,0,41,0.16666666666666666,0.026392961876832845,Ryan Sessegnon
518,Georges-Kévin,Nkoudou,527,Nkoudou,50,0,3,0.0,17,6,1,2,0,0,0,0,0,0,0,0,3,0.02,0.5,Georges-Kévin Nkoudou
519,Alfie,Whiteman,543,Whiteman,40,0,1,0.5,17,6,0,0,0,0,0,0,0,0,0,0,0,0.0,,Alfie Whiteman
520,Michel,Vorm,555,Vorm,43,-2,1,0.0,17,6,0,0,0,0,0,0,0,0,0,0,0,0.0,,Michel Vorm
521,Brandon,Austin,558,Austin,40,0,1,0.2,17,6,0,0,0,0,0,0,0,0,0,0,0,0.0,,Brandon Austin
522,Japhet,Tanganga,583,Tanganga,41,1,2,2.5,17,6,13,270,0,0,2,1,1,0,0,0,66,0.3170731707317073,0.04814814814814815,Japhet Tanganga
523,Gedson,Carvalho Fernandes,605,Fernandes,49,-1,3,0.0,17,6,2,25,0,0,0,0,0,0,0,0,7,0.04081632653061224,0.08,Gedson Carvalho Fernandes
524,Steven,Bergwijn,615,Bergwijn,75,0,3,1.7,17,6,10,69,1,0,1,0,0,0,0,2,29,0.13333333333333333,0.14492753623188406,Steven Bergwijn
525,José,Holebas,353,Holebas,46,-4,2,0.7,18,57,16,1004,0,0,2,26,5,0,0,0,141,0.34782608695652173,0.01593625498007968,José Holebas
526,Christian,Kabasele,354,Kabasele,43,-2,2,0.5,18,57,50,1305,0,1,6,15,1,2,0,3,241,1.1627906976744187,0.038314176245210725,Christian Kabasele
527,Adam,Masina,355,Masina,43,-2,2,0.2,18,57,38,951,1,0,4,15,3,0,0,1,175,0.8837209302325582,0.03995793901156677,Adam Masina
528,Adrian,Mariappa,356,Mariappa,42,-3,2,0.4,18,57,24,1226,0,0,3,25,2,1,0,1,168,0.5714285714285714,0.01957585644371941,Adrian Mariappa
529,Francisco,Femenía Far,357,Kiko Femenía,42,-3,2,0.4,18,57,29,1344,0,0,3,28,4,0,0,0,231,0.6904761904761905,0.021577380952380952,Francisco Femenía Far
530,Craig,Cathcart,358,Cathcart,44,-1,2,3.3,18,57,68,2083,0,0,8,29,5,0,0,3,380,1.5454545454545454,0.03264522323571772,Craig Cathcart
531,Daryl,Janmaat,359,Janmaat,40,-5,2,0.6,18,57,36,606,0,1,4,5,1,0,0,7,148,0.9,0.0594059405940594,Daryl Janmaat
532,Marc,Navarro,360,Navarro,39,-1,2,0.3,18,57,0,0,0,0,0,0,0,0,0,0,0,0.0,,Marc Navarro
533,Sebastian,Prödl,361,Prödl,39,-1,2,1.1,18,57,1,56,0,0,0,0,0,0,0,0,3,0.02564102564102564,0.017857142857142856,Sebastian Prödl
534,Troy,Deeney,362,Deeney,63,-2,4,2.3,18,57,55,1263,5,1,5,16,3,0,0,8,208,0.873015873015873,0.043547110055423596,Troy Deeney
535,Gerard,Deulofeu,363,Deulofeu,61,-4,4,3.1,18,57,85,1971,4,5,8,30,3,0,0,9,322,1.3934426229508197,0.043125317097919835,Gerard Deulofeu
536,Andre,Gray,364,Gray,55,-5,4,0.4,18,57,35,706,2,1,0,17,1,0,0,2,108,0.6363636363636364,0.049575070821529746,Andre Gray
537,Isaac,Success Ajayi,365,Success,48,-2,4,0.3,18,57,4,65,0,0,0,3,1,0,0,0,8,0.08333333333333333,0.06153846153846154,Isaac Success Ajayi
538,Ben,Foster,366,Foster,49,-1,1,4.8,18,57,101,2340,0,0,8,40,1,0,81,15,487,2.061224489795918,0.04316239316239316,Ben Foster
539,Pontus,Dahlberg,367,Dahlberg,43,-2,1,0.1,18,57,0,0,0,0,0,0,0,0,0,0,0,0.0,,Pontus Dahlberg
540,Abdoulaye,Doucouré,368,Doucouré,57,-3,3,2.4,18,57,84,2186,4,2,8,38,7,0,0,9,345,1.4736842105263157,0.0384263494967978,Abdoulaye Doucouré
541,Roberto,Pereyra,369,Pereyra,56,-4,3,0.7,18,57,46,1126,3,0,4,14,3,0,0,0,147,0.8214285714285714,0.04085257548845471,Roberto Pereyra
542,Will,Hughes,370,Hughes,53,-2,3,0.3,18,57,43,1244,1,1,4,23,4,0,0,3,152,0.8113207547169812,0.03456591639871383,Will Hughes
543,Tom,Cleverley,371,Cleverley,48,-2,3,0.1,18,57,24,645,1,0,1,17,0,0,0,2,120,0.5,0.037209302325581395,Tom Cleverley
544,Ken,Sema,372,Sema,48,-2,3,0.0,18,57,0,0,0,0,0,0,0,0,0,0,0,0.0,,Ken Sema
545,Etienne,Capoue,373,Capoue,48,-2,3,0.3,18,57,56,1868,0,3,6,36,6,0,0,5,290,1.1666666666666667,0.029978586723768737,Etienne Capoue
546,Nathaniel,Chalobah,374,Chalobah,44,-1,3,0.2,18,57,27,770,0,1,2,10,1,0,0,2,104,0.6136363636363636,0.03506493506493506,Nathaniel Chalobah
547,Domingos,Quina,375,Quina,44,-1,3,0.1,18,57,4,18,0,0,0,2,0,0,0,0,10,0.09090909090909091,0.2222222222222222,Domingos Quina
548,Craig,Dawson,439,Dawson,48,-2,2,0.2,18,57,36,1459,0,0,4,26,4,0,0,0,222,0.75,0.02467443454420836,Craig Dawson
549,Danny,Welbeck,512,Welbeck,58,-2,4,0.1,18,57,9,245,0,0,1,3,0,0,0,0,20,0.15517241379310345,0.036734693877551024,Danny Welbeck
550,Heurelho da Silva,Gomes,513,Gomes,44,-1,1,0.2,18,57,0,0,0,0,0,0,0,0,0,0,0,0.0,,Heurelho da Silva Gomes
551,Ismaïla,Sarr,525,Sarr,62,-3,3,0.5,18,57,56,1029,3,3,5,14,1,0,0,2,155,0.9032258064516129,0.05442176870748299,Ismaïla Sarr
552,Dimitri,Foulquier,542,Foulquier,40,0,2,0.1,18,57,1,57,0,0,0,6,0,0,0,0,12,0.025,0.017543859649122806,Dimitri Foulquier
553,Ayotomiwa,Dele-Bashiru,563,Dele-Bashiru,45,0,3,0.0,18,57,0,0,0,0,0,0,0,0,0,0,0,0.0,,Ayotomiwa Dele-Bashiru
554,João Pedro,Junqueira de Jesus,592,João Pedro,49,-1,4,0.0,18,57,0,0,0,0,0,0,0,0,0,0,0,0.0,,João Pedro Junqueira de Jesus
555,Ignacio,Pussetto,604,Pussetto,49,-1,3,0.0,18,57,4,32,0,0,0,2,0,0,0,0,12,0.08163265306122448,0.125,Ignacio Pussetto
556,Aaron,Cresswell,376,Cresswell,47,-3,2,1.3,19,21,58,1663,3,0,4,33,6,0,0,5,279,1.2340425531914894,0.03487672880336741,Aaron Cresswell
557,Angelo,Ogbonna,377,Ogbonna,45,0,2,1.3,19,21,59,1800,2,0,6,29,4,0,0,0,303,1.3111111111111111,0.03277777777777778,Angelo Ogbonna
558,Arthur,Masuaku,378,Masuaku,42,-3,2,0.5,19,21,25,818,0,1,2,16,2,1,0,3,156,0.5952380952380952,0.030562347188264057,Arthur Masuaku
559,Pablo,Zabaleta,379,Zabaleta,42,-3,2,0.5,19,21,9,558,0,0,0,13,2,0,0,0,87,0.21428571428571427,0.016129032258064516,Pablo Zabaleta
560,Ryan,Fredericks,380,Fredericks,44,-1,2,0.4,19,21,56,1627,0,2,6,29,5,0,0,5,311,1.2727272727272727,0.034419176398279044,Ryan Fredericks
561,Issa,Diop,381,Diop,44,-1,2,2.1,19,21,43,1595,2,0,3,35,7,0,0,2,244,0.9772727272727273,0.026959247648902823,Issa Diop
562,Fabián,Balbuena,382,Balbuena,43,-2,2,0.4,19,21,36,1081,1,0,3,22,2,0,0,3,189,0.8372093023255814,0.03330249768732655,Fabián Balbuena
563,Winston,Reid,383,Reid,40,0,2,5.1,19,21,0,0,0,0,0,0,0,0,0,0,0,0.0,,Winston Reid
564,Ben,Johnson,384,Johnson,39,-1,2,1.8,19,21,0,0,0,0,0,0,0,0,0,0,0,0.0,,Ben Johnson
565,Marko,Arnautovic,385,Arnautovic,70,0,4,0.1,19,21,0,0,0,0,0,0,0,0,0,0,0,0.0,,Marko Arnautovic
566,Javier,Hernández Balcázar,386,Chicharito,60,0,4,0.3,19,21,9,106,1,0,0,4,0,0,0,2,27,0.15,0.08490566037735849,Javier Hernández Balcázar
567,Alexandre Nascimento,Costa Silva,387,Xande Silva,43,-2,4,0.9,19,21,0,0,0,0,0,0,0,0,0,0,0,0.0,,Alexandre Nascimento Costa Silva
568,Lukasz,Fabianski,388,Fabianski,49,-1,1,2.1,19,21,51,947,0,0,4,15,1,0,35,5,221,1.0408163265306123,0.05385427666314678,Lukasz Fabianski
569,Michail,Antonio,389,Antonio,69,-1,3,0.7,19,21,29,668,1,2,2,12,0,0,0,0,67,0.42028985507246375,0.04341317365269461,Michail Antonio
570,Felipe Anderson,Pereira Gomes,390,Felipe Anderson,66,-4,3,2.6,19,21,57,1337,1,4,6,25,1,0,0,1,282,0.8636363636363636,0.04263275991024682,Felipe Anderson Pereira Gomes
571,Manuel,Lanzini,391,Lanzini,62,-3,3,0.7,19,21,45,1182,0,3,2,24,0,0,0,3,221,0.7258064516129032,0.03807106598984772,Manuel Lanzini
572,Andriy,Yarmolenko,392,Yarmolenko,53,-7,3,0.8,19,21,49,822,3,1,3,14,2,0,0,8,156,0.9245283018867925,0.05961070559610705,Andriy Yarmolenko
573,Robert,Snodgrass,393,Snodgrass,52,-3,3,1.2,19,21,78,1329,5,4,3,28,4,0,0,8,281,1.5,0.05869074492099323,Robert Snodgrass
574,Jack,Wilshere,394,Wilshere,47,-3,3,0.2,19,21,6,174,0,0,0,4,0,0,0,0,14,0.1276595744680851,0.034482758620689655,Jack Wilshere
575,Declan,Rice,395,Rice,47,-3,3,1.5,19,21,56,2250,0,1,6,43,4,0,0,1,382,1.1914893617021276,0.024888888888888887,Declan Rice
576,Mark,Noble,396,Noble,50,0,3,1.7,19,21,77,1789,4,2,6,30,3,0,0,6,343,1.54,0.043040804918949134,Mark Noble
577,Carlos,Sánchez,397,Carlos Sánchez,43,-2,3,0.5,19,21,7,112,0,0,0,2,0,0,0,0,20,0.16279069767441862,0.0625,Carlos Sánchez
578,Grady,Diangana,398,Diangana,44,-1,3,0.1,19,21,0,0,0,0,0,0,0,0,0,0,0,0.0,,Grady Diangana
579,Pablo,Fornals,399,Fornals,60,-5,3,0.4,19,21,55,1238,1,3,4,22,1,0,0,3,192,0.9166666666666666,0.0444264943457189,Pablo Fornals
580,Pedro,Obiang,400,Obiang,45,0,3,0.0,19,21,0,0,0,0,0,0,0,0,0,0,0,0.0,,Pedro Obiang
581,Roberto,Jimenez Gago,450,Roberto,44,-1,1,0.3,19,21,18,686,0,0,0,17,0,0,36,1,134,0.4090909090909091,0.026239067055393587,Roberto Jimenez Gago
582,Sébastien,Haller,457,Haller,69,-6,4,2.5,19,21,85,1939,6,3,5,36,1,0,0,8,270,1.2318840579710144,0.043837029396596186,Sébastien Haller
583,Albian,Ajeti,514,Ajeti,57,-3,4,0.0,19,21,8,128,0,0,0,3,0,0,0,0,14,0.14035087719298245,0.0625,Albian Ajeti
584,David,Martin,553,Martin,41,1,1,1.7,19,21,20,435,0,0,2,6,1,0,15,2,86,0.4878048780487805,0.04597701149425287,David Martin
585,Nathan,Holland,568,Holland,44,-1,3,0.0,19,21,2,31,0,0,0,1,0,0,0,0,10,0.045454545454545456,0.06451612903225806,Nathan Holland
586,Joseph,Anang,582,Anang,40,0,1,0.1,19,21,0,0,0,0,0,0,0,0,0,0,0,0.0,,Joseph Anang
587,Jeremy,Ngakia,593,Ngakia,40,0,2,0.0,19,21,1,90,0,0,0,2,0,0,0,0,11,0.025,0.011111111111111112,Jeremy Ngakia
588,Gonçalo Bento,Soares Cardoso,594,Cardoso,40,0,2,0.0,19,21,0,0,0,0,0,0,0,0,0,0,0,0.0,,Gonçalo Bento Soares Cardoso
589,Bernardo,Costa Da Rosa,595,Rosa,45,0,3,0.0,19,21,0,0,0,0,0,0,0,0,0,0,0,0.0,,Bernardo Costa Da Rosa
590,Darren,Randolph,606,Randolph,43,-2,1,0.1,19,21,3,180,0,0,0,5,0,0,6,0,27,0.06976744186046512,0.016666666666666666,Darren Randolph
591,Tomas,Soucek,616,Soucek,50,0,3,0.0,19,21,2,84,0,0,0,3,0,0,0,0,7,0.04,0.023809523809523808,Tomas Soucek
592,Jarrod,Bowen,626,Bowen,65,0,3,0.0,19,21,0,0,0,0,0,0,0,0,0,0,0,0.0,,Jarrod Bowen
593,Matt,Doherty,401,Doherty,61,1,2,4.1,20,39,83,1787,3,3,4,24,1,0,0,6,296,1.360655737704918,0.046446558477895916,Matt Doherty
594,Jonathan,Castro Otto,402,Jonny,54,-1,2,1.0,20,39,62,2024,1,2,4,29,4,0,0,0,318,1.1481481481481481,0.030632411067193676,Jonathan Castro Otto
595,Conor,Coady,403,Coady,50,0,2,1.5,20,39,64,2250,0,0,5,32,2,0,0,5,408,1.28,0.028444444444444446,Conor Coady
596,Willy,Boly,405,Boly,47,-3,2,2.1,20,39,40,810,0,1,4,7,0,1,0,7,196,0.851063829787234,0.04938271604938271,Willy Boly
597,Rúben Gonçalo,Silva Nascimento Vinagre,406,Vinagre,42,-3,2,0.2,20,39,15,338,0,0,1,4,1,0,0,0,77,0.35714285714285715,0.04437869822485207,Rúben Gonçalo Silva Nascimento Vinagre
598,Romain,Saïss,407,Saïss,44,-1,2,0.7,20,39,47,1623,2,1,3,26,7,1,0,1,271,1.0681818181818181,0.02895871842267406,Romain Saïss
599,Max,Kilman,408,Kilman,40,0,2,2.1,20,39,5,184,0,0,0,2,0,0,0,0,24,0.125,0.02717391304347826,Max Kilman
600,Raúl,Jiménez,409,Jiménez,77,2,4,25.2,20,39,131,2117,11,6,6,29,2,0,0,22,474,1.7012987012987013,0.061880018894662256,Raúl Jiménez
601,Diogo,Jota,410,Jota,61,-4,4,2.6,20,39,56,1467,3,1,4,22,3,0,0,6,173,0.9180327868852459,0.038173142467621,Diogo Jota
602,Rui Pedro,dos Santos Patrício,411,Patrício,51,1,1,8.8,20,39,91,2250,0,0,5,32,0,0,66,5,421,1.7843137254901962,0.04044444444444444,Rui Pedro dos Santos Patrício
603,John,Ruddy,412,Ruddy,43,-2,1,0.4,20,39,0,0,0,0,0,0,0,0,0,0,0,0.0,,John Ruddy
604,Will,Norris,413,Norris,40,0,1,0.6,20,39,0,0,0,0,0,0,0,0,0,0,0,0.0,,Will Norris
605,Rúben Diogo,da Silva Neves,414,Neves,52,-3,3,4.4,20,39,61,1952,2,1,5,27,6,0,0,4,316,1.1730769230769231,0.03125,Rúben Diogo da Silva Neves
606,João Filipe Iria,Santos Moutinho,415,Moutinho,54,-1,3,5.2,20,39,85,2155,1,7,5,30,5,0,0,11,450,1.5740740740740742,0.03944315545243619,João Filipe Iria Santos Moutinho
607,Morgan,Gibbs-White,416,Gibbs-White,47,-3,3,0.1,20,39,8,122,0,1,0,2,0,0,0,0,31,0.1702127659574468,0.06557377049180328,Morgan Gibbs-White
608,Adama,Traoré,417,Traoré,58,8,3,19.9,20,39,103,1925,4,7,4,28,0,0,0,14,437,1.7758620689655173,0.05350649350649351,Adama Traoré
609,Hélder,Costa,418,Costa,49,-1,3,0.0,20,39,0,0,0,0,0,0,0,0,0,0,0,0.0,,Hélder Costa
610,Ivan,Cavaleiro,419,Cavaleiro,49,-1,3,0.0,20,39,0,0,0,0,0,0,0,0,0,0,0,0.0,,Ivan Cavaleiro
611,Leander,Dendoncker,420,Dendoncker,44,-1,3,9.8,20,39,62,1998,2,0,4,29,2,0,0,6,309,1.4090909090909092,0.031031031031031032,Leander Dendoncker
612,Jesús,Vallejo Lázaro,473,Vallejo,46,-4,2,0.2,20,39,1,162,0,0,0,6,1,0,0,0,22,0.021739130434782608,0.006172839506172839,Jesús Vallejo Lázaro
613,Patrick,Cutrone,487,Cutrone,55,-5,4,0.5,20,39,23,292,2,0,1,6,0,0,0,0,69,0.41818181818181815,0.07876712328767123,Patrick Cutrone
614,Pedro,Lomba Neto,528,Neto,50,0,3,0.2,20,39,37,617,2,2,0,8,2,0,0,0,126,0.74,0.059967585089141004,Pedro Lomba Neto
615,Bernard,Ashley-Seal,559,Ashley-Seal,45,0,4,0.1,20,39,0,0,0,0,0,0,0,0,0,0,0,0.0,,Bernard Ashley-Seal
616,Taylor,Perry,560,Perry,45,0,3,0.0,20,39,0,0,0,0,0,0,0,0,0,0,0,0.0,,Taylor Perry
617,Owen,Otasowie,566,Otasowie,45,0,3,0.0,20,39,0,0,0,0,0,0,0,0,0,0,0,0.0,,Owen Otasowie
618,Luke,Cundle,567,Cundle,45,0,3,0.0,20,39,0,0,0,0,0,0,0,0,0,0,0,0.0,,Luke Cundle
619,Oskar,Buur,587,Buur,40,0,2,0.0,20,39,0,0,0,0,0,0,0,0,0,0,0,0.0,,Oskar Buur
620,Ryan,Giles,607,Giles,40,0,2,0.0,20,39,0,0,0,0,0,0,0,0,0,0,0,0.0,,Ryan Giles
621,Bruno André,Cavaco Jordao,609,Jordao,45,0,3,0.0,20,39,0,0,0,0,0,0,0,0,0,0,0,0.0,,Bruno André Cavaco Jordao
622,Daniel,Castelo Podence,619,Podence,55,0,3,0.0,20,39,1,14,0,0,0,0,0,0,0,0,7,0.01818181818181818,0.07142857142857142,Daniel Castelo Podence
